d'ailleurs	ADV	122.0
est-à-dire	ADV	69.1
robot	NOM	30.3
bague	NOM	22.1
fée	NOM	20.2
habit	NOM	19.9
végétal	ADJ	19.8
là-haut	ADV	19.7
redescendre	VER	19.6
roux	ADJ	18.8
barbe	NOM	18.8
misérable	ADJ	18.4
sentier	NOM	18.4
grippe	NOM	18.3
linge	NOM	17.9
remuer	VER	17.5
plaisanterie	NOM	17.5
dragon	NOM	17.0
psychologue	NOM	16.6
rougir	VER	16.1
concierge	NOM	15.7
lion	NOM	15.5
fumeur	NOM	15.3
jupe	NOM	15.0
énerver	VER	14.5
silhouette	NOM	14.3
éclair	NOM	14.3
pousse	NOM	13.9
berger	NOM	13.6
armoire	NOM	13.4
celer	VER	13.2
serviteur	NOM	13.1
plaine	NOM	12.9
laid	ADJ	12.8
horloge	NOM	12.7
éducatif	ADJ	12.6
serviette	NOM	12.6
convivialité	NOM	12.6
coq	NOM	12.5
tailleur	NOM	12.3
varié	ADJ	12.3
fiancé	NOM	12.1
bruire	VER	11.9
cracher	VER	11.7
drap	NOM	11.6
émerveiller	VER	11.5
centimètre	NOM	11.4
particularité	NOM	11.4
insolite	ADJ	11.3
passant	NOM	11.0
chauffer	VER	11.0
murmure	NOM	10.7
ailler	VER	10.6
colocation	NOM	10.3
rez-de-chaussée	NOM	10.3
sculpteur	NOM	10.2
politesse	NOM	10.1
intriguer	VER	10.1
gaulois	ADJ	9.9
évanouir	VER	9.9
dispute	NOM	9.8
taureau	NOM	9.7
poison	NOM	9.7
tambour	NOM	9.6
barque	NOM	9.6
brevet	NOM	9.5
empoisonner	VER	9.5
pic	NOM	9.5
mouiller	VER	9.4
cachette	NOM	9.4
villa	NOM	9.4
originalité	NOM	9.2
tasse	NOM	9.1
sourcil	NOM	9.1
cavalier	NOM	9.0
retracer	VER	8.9
cocher	NOM	8.9
tri	NOM	8.7
maghrébin	ADJ	8.7
sélectif	ADJ	8.6
vase	NOM	8.5
cueillir	VER	8.4
frotter	VER	8.0
arène	NOM	8.0
sénéchal	NOM	8.0
mouchoir	NOM	8.0
grenier	NOM	7.9
aboyer	VER	7.9
imbécile	NOM	7.7
embouteillage	NOM	7.7
magie	NOM	7.6
jalousie	NOM	7.6
exotisme	NOM	7.6
initiation	NOM	7.6
étonnement	NOM	7.5
dentelle	NOM	7.5
palme	NOM	7.4
diamètre	NOM	7.4
bûcheron	NOM	7.2
ruban	NOM	7.2
job	NOM	7.2
placard	NOM	7.1
tousser	VER	7.1
ticket	NOM	7.1
sandwich	NOM	7.0
écologie	NOM	6.9
gêné	ADJ	6.9
fabuleux	ADJ	6.9
arroser	VER	6.8
payant	ADJ	6.8
servante	NOM	6.8
détective	NOM	6.8
lenteur	NOM	6.8
adepte	NOM	6.7
cabane	NOM	6.7
fécondité	NOM	6.6
cravate	NOM	6.6
fantaisie	NOM	6.5
abbaye	NOM	6.4
vigne	NOM	6.4
sire	NOM	6.3
petits-enfants	NOM	6.3
talon	NOM	6.3
cohabitation	NOM	6.3
douer	VER	6.3
paille	NOM	6.2
mouche	NOM	6.1
fleurir	VER	6.1
gant	NOM	6.0
interactif	ADJ	6.0
mamie	NOM	6.0
corrida	NOM	5.9
révolutionner	VER	5.9
sabot	NOM	5.9
recueil	NOM	5.9
cycliste	NOM	5.9
violet	ADJ	5.9
couturier	NOM	5.9
tigre	NOM	5.9
cinématographique	ADJ	5.8
élégance	NOM	5.8
bagarre	NOM	5.7
mesdames	NOM	5.7
réservation	NOM	5.7
frigo	NOM	5.7
veau	NOM	5.7
carrefour	NOM	5.7
brigadier	NOM	5.7
mécher	VER	5.7
lame	NOM	5.6
régaler	VER	5.6
préfecture	NOM	5.5
tee-shirt	NOM	5.5
éblouir	VER	5.5
coach	NOM	5.5
rhume	NOM	5.4
habile	ADJ	5.4
frôler	VER	5.4
bonnet	NOM	5.4
pique-nique	NOM	5.3
flore	NOM	5.3
insécurité	NOM	5.3
paternité	NOM	5.3
déshabiller	VER	5.3
bonbon	NOM	5.2
saucisse	NOM	5.2
monte	NOM	5.2
faune	NOM	5.2
cassé	ADJ	5.1
bougie	NOM	5.1
siffler	VER	5.1
tristement	ADV	5.1
fièrement	ADV	5.1
étagère	NOM	5.1
bricolage	NOM	5.1
ogre	NOM	5.0
breton	ADJ	5.0
marathon	NOM	5.0
chandelier	NOM	4.9
déserter	VER	4.9
coudre	VER	4.8
curieusement	ADV	4.8
tourmenter	VER	4.8
vaisselle	NOM	4.7
violemment	ADV	4.7
interprète	NOM	4.7
réapparaître	VER	4.6
blouse	NOM	4.6
cigare	NOM	4.6
hache	NOM	4.5
désespérément	ADV	4.5
pizza	NOM	4.5
grecque	ADJ	4.5
dorer	VER	4.5
foncer	VER	4.4
imposant	ADJ	4.4
gênant	ADJ	4.3
invite	NOM	4.3
dramaturge	NOM	4.3
frissonner	VER	4.3
rentraire	VER	4.3
aiguille	NOM	4.3
science-fiction	NOM	4.2
paresseux	ADJ	4.2
médiathèque	NOM	4.2
désarmer	VER	4.1
pli	NOM	4.1
maillot	NOM	4.1
sursauter	VER	4.1
patiemment	ADV	4.1
demoiselle	NOM	4.1
documentaire	NOM	4.1
respiration	NOM	4.1
baccalauréat	NOM	4.1
caresse	NOM	4.1
cendrillon	NOM	4.0
nommé	ADJ	4.0
monarchie	NOM	4.0
nappe	NOM	3.9
design	NOM	3.9
sèche	ADJ	3.9
caserne	NOM	3.9
tuyau	NOM	3.9
marteau	NOM	3.9
mets	NOM	3.9
feuillage	NOM	3.8
excursion	NOM	3.8
corne	NOM	3.8
bruyant	ADJ	3.8
préhistorique	ADJ	3.8
répertoire	NOM	3.7
robotique	NOM	3.7
écureuil	NOM	3.7
roche	NOM	3.7
fût	NOM	3.7
littoral	NOM	3.7
orthographe	NOM	3.7
poubelle	NOM	3.7
porcelaine	NOM	3.7
mobylette	NOM	3.6
agresser	VER	3.6
champignon	NOM	3.6
halte	NOM	3.6
mesdemoiselles	NOM	3.6
périple	NOM	3.6
communion	NOM	3.6
bonté	NOM	3.5
bonhomme	NOM	3.5
déçu	ADJ	3.5
mac	NOM	3.5
propreté	NOM	3.5
pique-niquer	VER	3.5
tombée	NOM	3.5
démolir	VER	3.5
couvercle	NOM	3.5
bronze	NOM	3.4
tendrement	ADV	3.4
crayon	NOM	3.4
frite	NOM	3.4
fraîcheur	NOM	3.4
pureté	NOM	3.4
lâche	ADJ	3.4
serrure	NOM	3.4
ménestrel	NOM	3.4
lavabo	NOM	3.4
aspirateur	NOM	3.3
joyeusement	ADV	3.3
contagieux	ADJ	3.3
choquant	ADJ	3.3
bizarrement	ADV	3.3
durcir	VER	3.2
aérer	VER	3.2
stand	NOM	3.2
féminisme	NOM	3.2
moralité	NOM	3.2
colocataire	NOM	3.2
métallique	ADJ	3.1
escalade	NOM	3.1
bohémien	NOM	3.1
citadin	NOM	3.1
cinéaste	NOM	3.1
épingle	NOM	3.1
lessive	NOM	3.1
paquebot	NOM	3.1
songe	NOM	3.1
renard	NOM	3.0
tous	NOM	3.0
jambon	NOM	3.0
doctorat	NOM	3.0
brûlant	ADJ	3.0
décharge	NOM	3.0
féministe	ADJ	2.9
rêverie	NOM	2.9
prairie	NOM	2.9
patienter	VER	2.9
ferment	NOM	2.9
square	NOM	2.9
indigner	VER	2.9
débutant	ADJ	2.9
guillotine	NOM	2.8
filtre	NOM	2.8
abondant	ADJ	2.8
seau	NOM	2.8
belle-fille	NOM	2.8
bouillir	VER	2.8
faiblement	ADV	2.7
perfectionner	VER	2.7
mi-temps	NOM	2.7
flash	NOM	2.7
déprimer	VER	2.7
salir	VER	2.7
high-tech	ADJ	2.7
embrasse	NOM	2.7
magicien	NOM	2.7
pressé	ADJ	2.7
short	NOM	2.6
spacieux	ADJ	2.6
subventionner	VER	2.6
tonneau	NOM	2.6
carburer	VER	2.6
castagnettes	NOM	2.6
remarier	VER	2.6
ruisseau	NOM	2.6
camper	VER	2.6
lilas	NOM	2.5
pressant	ADJ	2.5
indemne	ADJ	2.5
amande	NOM	2.5
bourgade	NOM	2.5
rallumer	VER	2.5
celtique	ADJ	2.5
mélodie	NOM	2.5
bavard	ADJ	2.5
savoureux	ADJ	2.5
déesse	NOM	2.5
chausser	VER	2.5
surgeler	VER	2.5
carafe	NOM	2.4
fréquentation	NOM	2.4
lyonnais	ADJ	2.4
automobiliste	NOM	2.4
aventurier	NOM	2.4
solennel	ADJ	2.4
silencieusement	ADV	2.4
adoptif	ADJ	2.4
copieux	ADJ	2.4
gratter	VER	2.4
carrosse	NOM	2.4
maigrir	VER	2.3
tremblant	ADJ	2.3
tambourin	NOM	2.3
énigmatique	ADJ	2.3
secrètement	ADV	2.3
adroit	ADJ	2.3
gîte	NOM	2.2
smoking	NOM	2.2
gallo-romain	ADJ	2.2
pirogue	NOM	2.2
armure	NOM	2.2
éternité	NOM	2.2
télécommande	NOM	2.1
frire	VER	2.1
pelote	NOM	2.1
sirène	NOM	2.1
relique	NOM	2.1
plongeur	NOM	2.1
fourchette	NOM	2.0
menton	NOM	2.0
héberger	VER	2.0
mourant	ADJ	2.0
camionnette	NOM	2.0
tilleul	NOM	2.0
muscler	VER	2.0
soigné	ADJ	2.0
papi	NOM	2.0
bourgeoisie	NOM	2.0
laine	NOM	1.9
moustache	NOM	1.9
dernièrement	ADV	1.9
gratitude	NOM	1.9
cirer	VER	1.9
bouclier	NOM	1.9
gelée	NOM	1.9
volcan	NOM	1.9
poire	NOM	1.9
monastère	NOM	1.9
brume	NOM	1.9
celte	ADJ	1.9
stupéfaction	NOM	1.9
caillou	NOM	1.8
reggae	NOM	1.8
typiquement	ADV	1.8
résidu	NOM	1.8
centraliser	VER	1.8
déménagement	NOM	1.8
épicerie	NOM	1.8
menteur	NOM	1.7
pop	ADJ	1.7
synthétique	ADJ	1.7
édifier	VER	1.7
fascination	NOM	1.7
courageusement	ADV	1.7
dominical	ADJ	1.6