word	pos	level	freq
aujourd'hui	ADV	A1	711.1
d'abord	ADV	A1	318.5
d'accord	ADV	A1	206.6
qu'	ADV	A1	69.2
chevalier	NOM	A1	68.4
sympa	ADJ	A1	67.4
brun	ADJ	A1	43.3
cheminée	NOM	A1	38.0
terrasse	NOM	A1	34.9
ben	ADV	A1	33.9
copine	NOM	A1	31.5
promenade	NOM	A1	30.4
prof	NOM	A1	28.7
grotte	NOM	A1	28.7
maths	NOM	A1	28.2
grands-parents	NOM	A1	27.6
nouvelle	NOM	A1	27.6
piscine	NOM	A1	27.3
arrondissement	NOM	A1	24.9
supermarché	NOM	A1	21.9
salade	NOM	A1	19.9
parking	NOM	A1	18.7
âne	NOM	A1	16.9
jean	NOM	A1	15.9
décorer	VER	A1	15.4
dessert	NOM	A1	15.3
pull	NOM	A1	14.7
jus	NOM	A1	14.5
confiture	NOM	A1	14.3
bicyclette	NOM	A1	14.3
délicieux	ADJ	A1	13.9
moulin	NOM	A1	13.9
ascenseur	NOM	A1	13.5
riz	NOM	A1	13.4
décoration	NOM	A1	13.3
balade	NOM	A1	13.0
tomate	NOM	A1	12.2
tiroir	NOM	A1	11.9
bise	NOM	A1	11.4
cathédrale	NOM	A1	11.4
sapin	NOM	A1	11.1
antiquité	NOM	A1	10.8
préféré	ADJ	A1	10.4
bienvenir	VER	A1	10.1
champagne	NOM	A1	9.3
pâté	NOM	A1	9.3
zoé	NOM	A1	9.3
informaticien	NOM	A1	9.0
pyramide	NOM	A1	8.9
foot	NOM	A1	8.7
camping	NOM	A1	8.6
bis	ADJ	A1	8.6
farine	NOM	A1	8.2
serpent	NOM	A1	8.2
buffet	NOM	A1	8.2
adorable	ADJ	A1	8.1
falaise	NOM	A1	8.0
apéritif	NOM	A1	7.8
crêpe	NOM	A1	7.0
boulanger	ADJ	A1	6.7
inauguration	NOM	A1	6.6
cantine	NOM	A1	5.5
réveillon	NOM	A1	5.0
blouson	NOM	A1	5.0
pers	ADJ	A1	3.6
mule	NOM	A1	3.3
tartine	NOM	A1	2.2
tommy	NOM	A1	0.8
auberge	NOM	A2	64.9
épée	NOM	A2	44.0
veste	NOM	A2	42.6
exclamer	VER	A2	34.2
bac	NOM	A2	25.7
tranquillement	ADV	A2	23.6
fan	NOM	A2	22.2
bêtise	NOM	A2	21.2
animation	NOM	A2	20.5
opéra	NOM	A2	19.4
jaloux	ADJ	A2	19.1
lapin	NOM	A2	18.1
sculpture	NOM	A2	17.6
fatigué	ADJ	A2	16.8
baguette	NOM	A2	16.2
bouquet	NOM	A2	16.1
fac	NOM	A2	15.9
exotique	ADJ	A2	15.2
neveu	NOM	A2	15.1
écharpe	NOM	A2	14.3
douche	NOM	A2	14.0
randonnée	NOM	A2	13.7
francophonie	NOM	A2	13.4
héler	VER	A2	13.4
brave	ADJ	A2	13.0
hygiène	NOM	A2	12.5
soulier	NOM	A2	12.0
addition	NOM	A2	11.6
botte	NOM	A2	11.4
salutation	NOM	A2	11.3
souriant	ADJ	A2	11.0
renaissance	NOM	A2	10.7
panorama	NOM	A2	10.7
colorer	VER	A2	10.3
affoler	VER	A2	10.2
culinaire	ADJ	A2	9.9
bavarder	VER	A2	9.8
bistrot	NOM	A2	9.4
inoubliable	ADJ	A2	9.4
basket	NOM	A2	9.0
éclairage	NOM	A2	9.0
canne	NOM	A2	8.3
guitare	NOM	A2	8.2
recomposer	VER	A2	8.1
artifice	NOM	A2	8.1
vexer	VER	A2	8.0
cultivé	ADJ	A2	8.0
centre-ville	NOM	A2	7.5
pré	NOM	A2	7.5
crèche	NOM	A2	7.4
dévorer	VER	A2	7.4
illuminer	VER	A2	7.4
yaourt	NOM	A2	7.3
perle	NOM	A2	7.3
polluant	ADJ	A2	7.2
feuilleton	NOM	A2	7.1
resto	NOM	A2	7.0
cuisinier	NOM	A2	6.9
boulangerie	NOM	A2	6.9
médiéval	ADJ	A2	6.8
dessinateur	NOM	A2	6.7
tarte	NOM	A2	6.6
dentiste	NOM	A2	6.6
chic	ADJ	A2	6.4
fontaine	NOM	A2	6.4
luire	VER	A2	6.4
grillé	ADJ	A2	6.2
ennuyeux	ADJ	A2	6.0
coiffer	VER	A2	6.0
bisou	NOM	A2	5.9
créole	NOM	A2	5.5
charcuterie	NOM	A2	5.4
chèvre	NOM	A2	5.4
admirable	ADJ	A2	5.3
poupée	NOM	A2	5.3
parapluie	NOM	A2	5.2
piéton	ADJ	A2	5.1
fatigant	ADJ	A2	5.1
brésilien	ADJ	A2	5.1
vestige	NOM	A2	5.0
console	NOM	A2	5.0
mignon	ADJ	A2	4.9
dinde	NOM	A2	4.8
beau-frère	NOM	A2	4.7
grenouille	NOM	A2	4.6
terrifiant	ADJ	A2	4.5
ciné	NOM	A2	4.4
tapisserie	NOM	A2	4.4
rosier	NOM	A2	4.2
australien	ADJ	A2	4.2
petite-fille	NOM	A2	4.1
déguster	VER	A2	4.1
gramme	NOM	A2	4.1
saucisson	NOM	A2	3.9
maquette	NOM	A2	3.9
pourboire	NOM	A2	3.8
métropole	NOM	A2	3.8
cire	NOM	A2	3.8
escargot	NOM	A2	3.8
jazz	NOM	A2	3.7
natation	NOM	A2	3.7
écurie	NOM	A2	3.6
présentateur	NOM	A2	3.6
saumon	NOM	A2	3.5
ajoute	NOM	A2	3.5
banane	NOM	A2	3.5
épicer	VER	A2	3.4
beaux-arts	NOM	A2	3.4
collectionneur	NOM	A2	3.2
marron	ADJ	A2	3.1
bowling	NOM	A2	3.1
belle-mère	NOM	A2	3.0
caissier	NOM	A2	2.9
pharmacie	NOM	A2	2.8
olive	NOM	A2	2.7
marre	ADV	A2	2.7
margot	NOM	A2	2.6
abricot	NOM	A2	2.6
muser	VER	A2	2.6
hors-d'oeuvre	NOM	A2	2.5
photocopie	NOM	A2	2.5
fumé	ADJ	A2	2.4
férié	ADJ	A2	2.4
répondeur	NOM	A2	2.4
décontracter	VER	A2	2.4
hypermarché	NOM	A2	2.3
monumental	ADJ	A2	2.3
spaghetti	NOM	A2	2.3
mural	ADJ	A2	2.2
pétanque	NOM	A2	2.1
sirop	NOM	A2	2.1
rhum	NOM	A2	2.0
ré	NOM	A2	1.9
marrant	ADJ	A2	1.8
pâtisserie	NOM	A2	1.7
mistral	NOM	A2	1.7
mi	NOM	A2	1.7
cidre	NOM	A2	1.6
ensoleiller	VER	A2	1.5
outre-mer	ADV	A2	1.5
minéral	ADJ	A2	1.5
éplucher	VER	A2	1.4
oignon	NOM	A2	1.4
archéologue	NOM	A2	1.4
numéroter	VER	A2	1.3
laitier	ADJ	A2	1.3
collectionner	VER	A2	1.3
menthe	NOM	A2	1.3
couscous	NOM	A2	1.2
restau	NOM	A2	1.1
épice	NOM	A2	1.1
châtain	ADJ	A2	1.0
sardine	NOM	A2	0.9
apprenti	NOM	A2	0.9
skier	VER	A2	0.9
pamplemousse	NOM	A2	0.6
rabat	NOM	A2	0.6
épeler	VER	A2	0.6
concombre	NOM	A2	0.6
zoo	NOM	A2	0.6
pat	ADJ	A2	0.2
d'ailleurs	ADV	B1	122.0
est-à-dire	ADV	B1	69.1
robot	NOM	B1	30.3
bague	NOM	B1	22.1
fée	NOM	B1	20.2
habit	NOM	B1	19.9
végétal	ADJ	B1	19.8
là-haut	ADV	B1	19.7
redescendre	VER	B1	19.6
roux	ADJ	B1	18.8
barbe	NOM	B1	18.8
misérable	ADJ	B1	18.4
sentier	NOM	B1	18.4
grippe	NOM	B1	18.3
linge	NOM	B1	17.9
remuer	VER	B1	17.5
plaisanterie	NOM	B1	17.5
dragon	NOM	B1	17.0
psychologue	NOM	B1	16.6
rougir	VER	B1	16.1
concierge	NOM	B1	15.7
lion	NOM	B1	15.5
fumeur	NOM	B1	15.3
jupe	NOM	B1	15.0
énerver	VER	B1	14.5
silhouette	NOM	B1	14.3
éclair	NOM	B1	14.3
pousse	NOM	B1	13.9
berger	NOM	B1	13.6
armoire	NOM	B1	13.4
celer	VER	B1	13.2
serviteur	NOM	B1	13.1
plaine	NOM	B1	12.9
laid	ADJ	B1	12.8
horloge	NOM	B1	12.7
éducatif	ADJ	B1	12.6
serviette	NOM	B1	12.6
convivialité	NOM	B1	12.6
coq	NOM	B1	12.5
tailleur	NOM	B1	12.3
varié	ADJ	B1	12.3
fiancé	NOM	B1	12.1
bruire	VER	B1	11.9
cracher	VER	B1	11.7
drap	NOM	B1	11.6
émerveiller	VER	B1	11.5
centimètre	NOM	B1	11.4
particularité	NOM	B1	11.4
insolite	ADJ	B1	11.3
passant	NOM	B1	11.0
chauffer	VER	B1	11.0
murmure	NOM	B1	10.7
ailler	VER	B1	10.6
colocation	NOM	B1	10.3
rez-de-chaussée	NOM	B1	10.3
sculpteur	NOM	B1	10.2
politesse	NOM	B1	10.1
intriguer	VER	B1	10.1
gaulois	ADJ	B1	9.9
évanouir	VER	B1	9.9
dispute	NOM	B1	9.8
taureau	NOM	B1	9.7
poison	NOM	B1	9.7
tambour	NOM	B1	9.6
barque	NOM	B1	9.6
brevet	NOM	B1	9.5
empoisonner	VER	B1	9.5
pic	NOM	B1	9.5
mouiller	VER	B1	9.4
cachette	NOM	B1	9.4
villa	NOM	B1	9.4
originalité	NOM	B1	9.2
tasse	NOM	B1	9.1
sourcil	NOM	B1	9.1
cavalier	NOM	B1	9.0
retracer	VER	B1	8.9
cocher	NOM	B1	8.9
tri	NOM	B1	8.7
maghrébin	ADJ	B1	8.7
sélectif	ADJ	B1	8.6
vase	NOM	B1	8.5
cueillir	VER	B1	8.4
frotter	VER	B1	8.0
arène	NOM	B1	8.0
sénéchal	NOM	B1	8.0
mouchoir	NOM	B1	8.0
grenier	NOM	B1	7.9
aboyer	VER	B1	7.9
imbécile	NOM	B1	7.7
embouteillage	NOM	B1	7.7
magie	NOM	B1	7.6
jalousie	NOM	B1	7.6
exotisme	NOM	B1	7.6
initiation	NOM	B1	7.6
étonnement	NOM	B1	7.5
dentelle	NOM	B1	7.5
palme	NOM	B1	7.4
diamètre	NOM	B1	7.4
bûcheron	NOM	B1	7.2
ruban	NOM	B1	7.2
job	NOM	B1	7.2
placard	NOM	B1	7.1
tousser	VER	B1	7.1
ticket	NOM	B1	7.1
sandwich	NOM	B1	7.0
écologie	NOM	B1	6.9
gêné	ADJ	B1	6.9
fabuleux	ADJ	B1	6.9
arroser	VER	B1	6.8
payant	ADJ	B1	6.8
servante	NOM	B1	6.8
détective	NOM	B1	6.8
lenteur	NOM	B1	6.8
adepte	NOM	B1	6.7
cabane	NOM	B1	6.7
fécondité	NOM	B1	6.6
cravate	NOM	B1	6.6
fantaisie	NOM	B1	6.5
abbaye	NOM	B1	6.4
vigne	NOM	B1	6.4
sire	NOM	B1	6.3
petits-enfants	NOM	B1	6.3
talon	NOM	B1	6.3
cohabitation	NOM	B1	6.3
douer	VER	B1	6.3
paille	NOM	B1	6.2
mouche	NOM	B1	6.1
fleurir	VER	B1	6.1
gant	NOM	B1	6.0
interactif	ADJ	B1	6.0
mamie	NOM	B1	6.0
corrida	NOM	B1	5.9
révolutionner	VER	B1	5.9
sabot	NOM	B1	5.9
recueil	NOM	B1	5.9
cycliste	NOM	B1	5.9
violet	ADJ	B1	5.9
couturier	NOM	B1	5.9
tigre	NOM	B1	5.9
cinématographique	ADJ	B1	5.8
élégance	NOM	B1	5.8
bagarre	NOM	B1	5.7
mesdames	NOM	B1	5.7
réservation	NOM	B1	5.7
frigo	NOM	B1	5.7
veau	NOM	B1	5.7
carrefour	NOM	B1	5.7
brigadier	NOM	B1	5.7
mécher	VER	B1	5.7
lame	NOM	B1	5.6
régaler	VER	B1	5.6
préfecture	NOM	B1	5.5
tee-shirt	NOM	B1	5.5
éblouir	VER	B1	5.5
coach	NOM	B1	5.5
rhume	NOM	B1	5.4
habile	ADJ	B1	5.4
frôler	VER	B1	5.4
bonnet	NOM	B1	5.4
pique-nique	NOM	B1	5.3
flore	NOM	B1	5.3
insécurité	NOM	B1	5.3
paternité	NOM	B1	5.3
déshabiller	VER	B1	5.3
bonbon	NOM	B1	5.2
saucisse	NOM	B1	5.2
monte	NOM	B1	5.2
faune	NOM	B1	5.2
cassé	ADJ	B1	5.1
bougie	NOM	B1	5.1
siffler	VER	B1	5.1
tristement	ADV	B1	5.1
fièrement	ADV	B1	5.1
étagère	NOM	B1	5.1
bricolage	NOM	B1	5.1
ogre	NOM	B1	5.0
breton	ADJ	B1	5.0
marathon	NOM	B1	5.0
chandelier	NOM	B1	4.9
déserter	VER	B1	4.9
coudre	VER	B1	4.8
curieusement	ADV	B1	4.8
tourmenter	VER	B1	4.8
vaisselle	NOM	B1	4.7
violemment	ADV	B1	4.7
interprète	NOM	B1	4.7
réapparaître	VER	B1	4.6
blouse	NOM	B1	4.6
cigare	NOM	B1	4.6
hache	NOM	B1	4.5
désespérément	ADV	B1	4.5
pizza	NOM	B1	4.5
grecque	ADJ	B1	4.5
dorer	VER	B1	4.5
foncer	VER	B1	4.4
imposant	ADJ	B1	4.4
gênant	ADJ	B1	4.3
invite	NOM	B1	4.3
dramaturge	NOM	B1	4.3
frissonner	VER	B1	4.3
rentraire	VER	B1	4.3
aiguille	NOM	B1	4.3
science-fiction	NOM	B1	4.2
paresseux	ADJ	B1	4.2
médiathèque	NOM	B1	4.2
désarmer	VER	B1	4.1
pli	NOM	B1	4.1
maillot	NOM	B1	4.1
sursauter	VER	B1	4.1
patiemment	ADV	B1	4.1
demoiselle	NOM	B1	4.1
documentaire	NOM	B1	4.1
respiration	NOM	B1	4.1
baccalauréat	NOM	B1	4.1
caresse	NOM	B1	4.1
cendrillon	NOM	B1	4.0
nommé	ADJ	B1	4.0
monarchie	NOM	B1	4.0
nappe	NOM	B1	3.9
design	NOM	B1	3.9
sèche	ADJ	B1	3.9
caserne	NOM	B1	3.9
tuyau	NOM	B1	3.9
marteau	NOM	B1	3.9
mets	NOM	B1	3.9
feuillage	NOM	B1	3.8
excursion	NOM	B1	3.8
corne	NOM	B1	3.8
bruyant	ADJ	B1	3.8
préhistorique	ADJ	B1	3.8
répertoire	NOM	B1	3.7
robotique	NOM	B1	3.7
écureuil	NOM	B1	3.7
roche	NOM	B1	3.7
fût	NOM	B1	3.7
littoral	NOM	B1	3.7
orthographe	NOM	B1	3.7
poubelle	NOM	B1	3.7
porcelaine	NOM	B1	3.7
mobylette	NOM	B1	3.6
agresser	VER	B1	3.6
champignon	NOM	B1	3.6
halte	NOM	B1	3.6
mesdemoiselles	NOM	B1	3.6
périple	NOM	B1	3.6
communion	NOM	B1	3.6
bonté	NOM	B1	3.5
bonhomme	NOM	B1	3.5
déçu	ADJ	B1	3.5
mac	NOM	B1	3.5
propreté	NOM	B1	3.5
pique-niquer	VER	B1	3.5
tombée	NOM	B1	3.5
démolir	VER	B1	3.5
couvercle	NOM	B1	3.5
bronze	NOM	B1	3.4
tendrement	ADV	B1	3.4
crayon	NOM	B1	3.4
frite	NOM	B1	3.4
fraîcheur	NOM	B1	3.4
pureté	NOM	B1	3.4
lâche	ADJ	B1	3.4
serrure	NOM	B1	3.4
ménestrel	NOM	B1	3.4
lavabo	NOM	B1	3.4
aspirateur	NOM	B1	3.3
joyeusement	ADV	B1	3.3
contagieux	ADJ	B1	3.3
choquant	ADJ	B1	3.3
bizarrement	ADV	B1	3.3
durcir	VER	B1	3.2
aérer	VER	B1	3.2
stand	NOM	B1	3.2
féminisme	NOM	B1	3.2
moralité	NOM	B1	3.2
colocataire	NOM	B1	3.2
métallique	ADJ	B1	3.1
escalade	NOM	B1	3.1
bohémien	NOM	B1	3.1
citadin	NOM	B1	3.1
cinéaste	NOM	B1	3.1
épingle	NOM	B1	3.1
lessive	NOM	B1	3.1
paquebot	NOM	B1	3.1
songe	NOM	B1	3.1
renard	NOM	B1	3.0
tous	NOM	B1	3.0
jambon	NOM	B1	3.0
doctorat	NOM	B1	3.0
brûlant	ADJ	B1	3.0
décharge	NOM	B1	3.0
féministe	ADJ	B1	2.9
rêverie	NOM	B1	2.9
prairie	NOM	B1	2.9
patienter	VER	B1	2.9
ferment	NOM	B1	2.9
square	NOM	B1	2.9
indigner	VER	B1	2.9
débutant	ADJ	B1	2.9
guillotine	NOM	B1	2.8
filtre	NOM	B1	2.8
abondant	ADJ	B1	2.8
seau	NOM	B1	2.8
belle-fille	NOM	B1	2.8
bouillir	VER	B1	2.8
faiblement	ADV	B1	2.7
perfectionner	VER	B1	2.7
mi-temps	NOM	B1	2.7
flash	NOM	B1	2.7
déprimer	VER	B1	2.7
salir	VER	B1	2.7
high-tech	ADJ	B1	2.7
embrasse	NOM	B1	2.7
magicien	NOM	B1	2.7
pressé	ADJ	B1	2.7
short	NOM	B1	2.6
spacieux	ADJ	B1	2.6
subventionner	VER	B1	2.6
tonneau	NOM	B1	2.6
carburer	VER	B1	2.6
castagnettes	NOM	B1	2.6
remarier	VER	B1	2.6
ruisseau	NOM	B1	2.6
camper	VER	B1	2.6
lilas	NOM	B1	2.5
pressant	ADJ	B1	2.5
indemne	ADJ	B1	2.5
amande	NOM	B1	2.5
bourgade	NOM	B1	2.5
rallumer	VER	B1	2.5
celtique	ADJ	B1	2.5
mélodie	NOM	B1	2.5
bavard	ADJ	B1	2.5
savoureux	ADJ	B1	2.5
déesse	NOM	B1	2.5
chausser	VER	B1	2.5
surgeler	VER	B1	2.5
carafe	NOM	B1	2.4
fréquentation	NOM	B1	2.4
lyonnais	ADJ	B1	2.4
automobiliste	NOM	B1	2.4
aventurier	NOM	B1	2.4
solennel	ADJ	B1	2.4
silencieusement	ADV	B1	2.4
adoptif	ADJ	B1	2.4
copieux	ADJ	B1	2.4
gratter	VER	B1	2.4
carrosse	NOM	B1	2.4
maigrir	VER	B1	2.3
tremblant	ADJ	B1	2.3
tambourin	NOM	B1	2.3
énigmatique	ADJ	B1	2.3
secrètement	ADV	B1	2.3
adroit	ADJ	B1	2.3
gîte	NOM	B1	2.2
smoking	NOM	B1	2.2
gallo-romain	ADJ	B1	2.2
pirogue	NOM	B1	2.2
armure	NOM	B1	2.2
éternité	NOM	B1	2.2
télécommande	NOM	B1	2.1
frire	VER	B1	2.1
pelote	NOM	B1	2.1
sirène	NOM	B1	2.1
relique	NOM	B1	2.1
plongeur	NOM	B1	2.1
fourchette	NOM	B1	2.0
menton	NOM	B1	2.0
héberger	VER	B1	2.0
mourant	ADJ	B1	2.0
camionnette	NOM	B1	2.0
tilleul	NOM	B1	2.0
muscler	VER	B1	2.0
soigné	ADJ	B1	2.0
papi	NOM	B1	2.0
bourgeoisie	NOM	B1	2.0
laine	NOM	B1	1.9
moustache	NOM	B1	1.9
dernièrement	ADV	B1	1.9
gratitude	NOM	B1	1.9
cirer	VER	B1	1.9
bouclier	NOM	B1	1.9
gelée	NOM	B1	1.9
volcan	NOM	B1	1.9
poire	NOM	B1	1.9
monastère	NOM	B1	1.9
brume	NOM	B1	1.9
celte	ADJ	B1	1.9
stupéfaction	NOM	B1	1.9
caillou	NOM	B1	1.8
reggae	NOM	B1	1.8
typiquement	ADV	B1	1.8
résidu	NOM	B1	1.8
centraliser	VER	B1	1.8
déménagement	NOM	B1	1.8
épicerie	NOM	B1	1.8
menteur	NOM	B1	1.7
pop	ADJ	B1	1.7
synthétique	ADJ	B1	1.7
édifier	VER	B1	1.7
fascination	NOM	B1	1.7
courageusement	ADV	B1	1.7
dominical	ADJ	B1	1.6
cesse	NOM	B2	36.1
d'autant	ADV	B2	31.8
sociologue	NOM	B2	29.3
bal	NOM	B2	27.2
pipe	NOM	B2	22.5
associatif	ADJ	B2	18.6
vieillissement	NOM	B2	16.5
cérébral	ADJ	B2	16.3
réchauffement	NOM	B2	16.1
clou	NOM	B2	14.0
marketing	NOM	B2	13.3
volaille	NOM	B2	12.9
nostalgie	NOM	B2	12.5
recenser	VER	B2	12.1
surnommer	VER	B2	11.4
précarité	NOM	B2	10.5
vaccin	NOM	B2	10.5
modernité	NOM	B2	10.4
assassinat	NOM	B2	10.4
valoriser	VER	B2	10.4
hectare	NOM	B2	10.2
méditerranéen	ADJ	B2	10.1
bactérie	NOM	B2	10.0
balcon	NOM	B2	9.9
cardinal	NOM	B2	9.8
tranquillité	NOM	B2	9.7
enfiler	VER	B2	9.7
polir	VER	B2	9.6
coupole	NOM	B2	9.5
plantation	NOM	B2	9.4
puce	NOM	B2	9.2
noce	NOM	B2	9.0
cognitif	ADJ	B2	8.7
carbone	NOM	B2	8.7
journalisme	NOM	B2	8.6
matelas	NOM	B2	8.6
libraire	NOM	B2	8.6
rite	NOM	B2	8.5
décalage	NOM	B2	8.5
paradoxalement	ADV	B2	8.5
centime	NOM	B2	8.4
bruir	VER	B2	8.4
calmement	ADV	B2	8.3
sécher	VER	B2	8.1
évader	VER	B2	8.0
soja	NOM	B2	8.0
biodiversité	NOM	B2	8.0
abeille	NOM	B2	8.0
affectif	ADJ	B2	7.9
adhérent	NOM	B2	7.9
créativité	NOM	B2	7.8
distingué	ADJ	B2	7.8
moustique	NOM	B2	7.8
poignet	NOM	B2	7.7
insecte	NOM	B2	7.7
chapelle	NOM	B2	7.6
parfaire	VER	B2	7.6
label	NOM	B2	7.6
canton	NOM	B2	7.5
chirurgie	NOM	B2	7.5
allée	NOM	B2	7.4
protéine	NOM	B2	7.4
galop	NOM	B2	7.3
éditer	VER	B2	7.2
molécule	NOM	B2	7.2
fixement	ADV	B2	7.1
vilain	ADJ	B2	7.0
polluer	VER	B2	7.0
terroir	NOM	B2	7.0
trier	VER	B2	7.0
délinquance	NOM	B2	7.0
senior	NOM	B2	7.0
émergence	NOM	B2	7.0
paroi	NOM	B2	6.9
estime	NOM	B2	6.9
parental	ADJ	B2	6.9
renouvelable	ADJ	B2	6.8
loge	NOM	B2	6.8
convoiter	VER	B2	6.7
désagréable	ADJ	B2	6.7
appétit	NOM	B2	6.7
paisible	ADJ	B2	6.7
locataire	NOM	B2	6.7
ores	ADV	B2	6.6
souche	NOM	B2	6.6
pédagogique	ADJ	B2	6.6
apparenter	VER	B2	6.6
soixantaine	NOM	B2	6.6
sublime	ADJ	B2	6.5
distraire	VER	B2	6.5
paradoxal	ADJ	B2	6.5
députer	VER	B2	6.4
instar	NOM	B2	6.4
neurone	NOM	B2	6.3
dense	ADJ	B2	6.3
munir	VER	B2	6.2
bâiller	VER	B2	6.2
top	NOM	B2	6.2
inventeur	NOM	B2	6.2
oxygène	NOM	B2	6.2
glacial	ADJ	B2	6.2
traître	NOM	B2	6.2
cardiaque	ADJ	B2	6.2
élevage	NOM	B2	6.2
diplômé	NOM	B2	6.2
tremper	VER	B2	6.2
appellation	NOM	B2	6.1
archéologique	ADJ	B2	6.1
minuscule	ADJ	B2	6.1
terroriser	VER	B2	6.0
indignation	NOM	B2	6.0
incontournable	ADJ	B2	6.0
abîme	NOM	B2	6.0
sida	NOM	B2	6.0
espion	NOM	B2	6.0
anecdote	NOM	B2	5.9
créatif	ADJ	B2	5.9
accompagnement	NOM	B2	5.9
velours	NOM	B2	5.9
commercialiser	VER	B2	5.8
couture	NOM	B2	5.8
paie	NOM	B2	5.8
pin	NOM	B2	5.8
résumé	NOM	B2	5.8
pilule	NOM	B2	5.7
réchauffer	VER	B2	5.7
aviaire	ADJ	B2	5.7
séjourner	VER	B2	5.7
réputer	VER	B2	5.7
antibiotique	NOM	B2	5.7
irruption	NOM	B2	5.6
côtoyer	VER	B2	5.6
métamorphoser	VER	B2	5.6
synthétiser	VER	B2	5.6
discrètement	ADV	B2	5.5
cuir	NOM	B2	5.5
parfumeur	NOM	B2	5.5
cabaret	NOM	B2	5.5
expatrier	VER	B2	5.4
hégémonie	NOM	B2	5.4
réalisme	NOM	B2	5.4
gâter	VER	B2	5.4
ludique	ADJ	B2	5.4
canard	NOM	B2	5.3
fureur	NOM	B2	5.3
terrifier	VER	B2	5.3
compagne	NOM	B2	5.3
non-fumeur	NOM	B2	5.3
stylo	NOM	B2	5.3
parité	NOM	B2	5.2
injection	NOM	B2	5.2
piqûre	NOM	B2	5.2
priori	ADV	B2	5.2
cendre	NOM	B2	5.2
décidément	ADV	B2	5.1
personnaliser	VER	B2	5.1
rituel	NOM	B2	5.1
attractif	ADJ	B2	5.1
compositeur	NOM	B2	5.1
conservatoire	NOM	B2	5.1
fosse	NOM	B2	5.0
étrangler	VER	B2	5.0
scolarité	NOM	B2	5.0
télévisuel	ADJ	B2	5.0
particule	NOM	B2	5.0
divertissement	NOM	B2	5.0
gentillesse	NOM	B2	5.0
trentenaire	ADJ	B2	5.0
psychiatre	NOM	B2	5.0
gage	NOM	B2	4.9
occasionnel	ADJ	B2	4.9
encombrer	VER	B2	4.9
prescription	NOM	B2	4.9
mobilier	NOM	B2	4.9
géographie	NOM	B2	4.9
redoubler	VER	B2	4.9
nerf	NOM	B2	4.9
orgueilleux	ADJ	B2	4.9
licencier	VER	B2	4.9
manier	VER	B2	4.8
inutilement	ADV	B2	4.8
limpide	ADJ	B2	4.8
agglomération	NOM	B2	4.8
gendre	NOM	B2	4.8
audace	NOM	B2	4.8
urbanisme	NOM	B2	4.8
verdure	NOM	B2	4.8
crocodile	NOM	B2	4.8
gémir	VER	B2	4.8
majoritairement	ADV	B2	4.8
revolver	NOM	B2	4.7
notaire	NOM	B2	4.7
soupirer	VER	B2	4.7
sentimental	ADJ	B2	4.7
baron	NOM	B2	4.7
pistolet	NOM	B2	4.7
migrateur	ADJ	B2	4.7
parure	NOM	B2	4.7
ingrédient	NOM	B2	4.7
torrent	NOM	B2	4.6
ramer	VER	B2	4.6
refrain	NOM	B2	4.6
séduisant	ADJ	B2	4.6
gourmand	ADJ	B2	4.6
intérim	NOM	B2	4.6
étonné	ADJ	B2	4.5
émigrer	VER	B2	4.5
supplice	NOM	B2	4.5
jumelle	ADJ	B2	4.5
couvent	NOM	B2	4.5
remords	NOM	B2	4.5
paresse	NOM	B2	4.5
maïs	NOM	B2	4.5
cortège	NOM	B2	4.5
index	NOM	B2	4.5
luxueux	ADJ	B2	4.5
hurlement	NOM	B2	4.4
continuel	ADJ	B2	4.4
orner	VER	B2	4.4
effrayant	ADJ	B2	4.4
psychanalyste	NOM	B2	4.4
sensibilisation	NOM	B2	4.4
électromagnétique	ADJ	B2	4.4
écosystème	NOM	B2	4.4
musculaire	ADJ	B2	4.4
pittoresque	ADJ	B2	4.3
tabagisme	NOM	B2	4.3
célébrité	NOM	B2	4.3
demi-siècle	NOM	B2	4.3
sauce	NOM	B2	4.2
comptoir	NOM	B2	4.2
dureté	NOM	B2	4.2
affiner	VER	B2	4.2
vitamine	NOM	B2	4.2
lueur	NOM	B2	4.2
impérial	ADJ	B2	4.2
filière	NOM	B2	4.2
monstrueux	ADJ	B2	4.2
déchaîner	VER	B2	4.2
gaspard	NOM	B2	4.2
éclatant	ADJ	B2	4.2
chêne	NOM	B2	4.2
bouchon	NOM	B2	4.2
adolescence	NOM	B2	4.2
sueur	NOM	B2	4.2
festif	ADJ	B2	4.2
tunisien	ADJ	B2	4.1
tempérer	VER	B2	4.1
pâlir	VER	B2	4.1
indéniable	ADJ	B2	4.1
thérapeutique	ADJ	B2	4.1
habitat	NOM	B2	4.1
bénévolat	NOM	B2	4.1
nuisance	NOM	B2	4.1
incrédule	ADJ	B2	4.1
sociabilité	NOM	B2	4.1
escalader	VER	B2	4.0
lectorat	NOM	B2	4.0
insertion	NOM	B2	4.0
confidence	NOM	B2	4.0
recréer	VER	B2	4.0
vignoble	NOM	B2	4.0
fourmi	NOM	B2	3.9
vicomte	NOM	B2	3.9
enflammer	VER	B2	3.9
admirateur	NOM	B2	3.9
garnir	VER	B2	3.9
scandinave	ADJ	B2	3.9
lustre	NOM	B2	3.9
défilé	NOM	B2	3.9
parfumer	VER	B2	3.9
étang	NOM	B2	3.9
bienfait	NOM	B2	3.9
digue	NOM	B2	3.8
natalité	NOM	B2	3.8
décrypter	VER	B2	3.8
inégal	ADJ	B2	3.8
socialement	ADV	B2	3.8
sceau	NOM	B2	3.8
somptueux	ADJ	B2	3.8
revendre	VER	B2	3.7
glacier	NOM	B2	3.7
guichet	NOM	B2	3.7
croisade	NOM	B2	3.7
carbonique	ADJ	B2	3.7
diva	NOM	B2	3.7
pharmacien	NOM	B2	3.7
encre	NOM	B2	3.7
éternellement	ADV	B2	3.7
hébergement	NOM	B2	3.7
jardinier	NOM	B2	3.7
vitalité	NOM	B2	3.7
banaliser	VER	B2	3.7
canapé	NOM	B2	3.7
populariser	VER	B2	3.6
prose	NOM	B2	3.6
conjuguer	VER	B2	3.6
potable	ADJ	B2	3.6
démunir	VER	B2	3.6
voyant	NOM	B2	3.6
engouement	NOM	B2	3.6
inéluctable	ADJ	B2	3.6
résonner	VER	B2	3.6
emblée	ADV	B2	3.6
bercer	VER	B2	3.6
valider	VER	B2	3.6
hormone	NOM	B2	3.6
grisaille	NOM	B2	3.6
savoir-vivre	NOM	B2	3.6
constatation	NOM	B2	3.6
brique	NOM	B2	3.6
fibre	NOM	B2	3.6
raisonner	VER	B2	3.6
campus	NOM	B2	3.6
indemnité	NOM	B2	3.6
préservation	NOM	B2	3.6
habileté	NOM	B2	3.6
salarier	VER	B2	3.6
grandiose	ADJ	B2	3.6
foncé	ADJ	B2	3.6
renchérir	VER	B2	3.5
infectieux	ADJ	B2	3.5
abolition	NOM	B2	3.5
crépuscule	NOM	B2	3.5
épaisseur	NOM	B2	3.5
formulaire	NOM	B2	3.5
microprocesseur	NOM	B2	3.5
intrigue	NOM	B2	3.5
attraction	NOM	B2	3.5
défigurer	VER	B2	3.5
choeur	NOM	B2	3.5
tropical	ADJ	B2	3.5
arcade	NOM	B2	3.5
marbre	NOM	B2	3.5
sonnerie	NOM	B2	3.5
muguet	NOM	B2	3.5
planétaire	ADJ	B2	3.5
ruelle	NOM	B2	3.5
rongeur	NOM	B2	3.5
in	ADJ	B2	3.5
cru	NOM	B2	3.4
avènement	NOM	B2	3.4
tome	NOM	B2	3.4
gravir	VER	B2	3.4
hexagonal	ADJ	B2	3.4
adjoindre	VER	B2	3.4
élancer	VER	B2	3.4
capteur	NOM	B2	3.4
pou	NOM	B2	3.4
stresser	VER	B2	3.3
nègre	NOM	B2	3.3
coureur	NOM	B2	3.3
béret	NOM	B2	3.3
séisme	NOM	B2	3.3
riverain	NOM	B2	3.3
monoparental	ADJ	B2	3.3
jasmin	NOM	B2	3.3
fracture	NOM	B2	3.3
fédérer	VER	B2	3.3
squelette	NOM	B2	3.3
pédagogie	NOM	B2	3.3
émancipation	NOM	B2	3.3
imprégner	VER	B2	3.3
maquillage	NOM	B2	3.3
infection	NOM	B2	3.3
individualisme	NOM	B2	3.3
protagoniste	NOM	B2	3.2
expérimentation	NOM	B2	3.2
sécuriser	VER	B2	3.2
déforestation	NOM	B2	3.2
galoper	VER	B2	3.2
schizophrénie	NOM	B2	3.2
pertinence	NOM	B2	3.2
flâner	VER	B2	3.2
climatisation	NOM	B2	3.2
modique	ADJ	B2	3.2
migration	NOM	B2	3.2
carotte	NOM	B2	3.2
magnétique	ADJ	B2	3.2
embêter	VER	B2	3.2
rajouter	VER	B2	3.2
trompette	NOM	B2	3.2
attachant	ADJ	B2	3.2
égarer	VER	B2	3.2
refroidir	VER	B2	3.2
ut	NOM	B2	3.2
multitude	NOM	B2	3.2
stocker	VER	B2	3.2
provocateur	ADJ	B2	3.1
élucider	VER	B2	3.1
grammaire	NOM	B2	3.1
phonétique	ADJ	B2	3.1
sobre	ADJ	B2	3.1
chefs-d'oeuvre	NOM	B2	3.1
accoucher	VER	B2	3.1
fric	NOM	B2	3.1
redécouvrir	VER	B2	3.1
indique	ADJ	B2	3.1
pigeon	NOM	B2	3.1
look	NOM	B2	3.1
errer	VER	B2	3.1
refroidissement	NOM	B2	3.1
inexorablement	ADV	B2	3.1
actionner	VER	B2	3.1
déformation	NOM	B2	3.1
collier	NOM	B2	3.1
exalter	VER	B2	3.1
huître	NOM	B2	3.1
moqueur	ADJ	B2	3.1
allumette	NOM	B2	3.1
bandit	NOM	B2	3.1
oxyde	NOM	B2	3.1
architectural	ADJ	B2	3.1
fabrique	NOM	B2	3.1
relief	NOM	B2	3.1
butte	NOM	B2	3.1
malédiction	NOM	B2	3.0
lucratif	ADJ	B2	3.0
tenace	ADJ	B2	3.0
théâtral	ADJ	B2	3.0
surfer	VER	B2	3.0
basilique	NOM	B2	3.0
ruse	NOM	B2	3.0
emballage	NOM	B2	3.0
fonte	NOM	B2	3.0
bobo	NOM	B2	3.0
froncer	VER	B2	3.0
contempler	VER	B2	3.0
nomade	ADJ	B2	3.0
égoïste	ADJ	B2	3.0
hésitant	ADJ	B2	3.0
répertorier	VER	B2	3.0
dévolu	ADJ	B2	3.0
bailleur	NOM	B2	3.0
horizontal	ADJ	B2	3.0
circulaire	ADJ	B2	3.0
gentilhomme	NOM	B2	3.0
méconnaître	VER	B2	3.0
carnaval	NOM	B2	3.0
tulipe	NOM	B2	3.0
ambre	NOM	B2	3.0
fascinant	ADJ	B2	3.0
berge	NOM	B2	2.9
enrager	VER	B2	2.9
appelant	NOM	B2	2.9
stupéfaire	VER	B2	2.9
saigner	VER	B2	2.9
triomphant	ADJ	B2	2.9
façonner	VER	B2	2.9
pub	NOM	B2	2.9
transversal	ADJ	B2	2.9
vieille	NOM	B2	2.9
puzzle	NOM	B2	2.9
chaussette	NOM	B2	2.9
miel	NOM	B2	2.9
truffe	NOM	B2	2.9
spontanément	ADV	B2	2.9
cristaux	NOM	B2	2.9
gymnastique	NOM	B2	2.9
chauffage	NOM	B2	2.8
téléphonie	NOM	B2	2.8
mathématicien	NOM	B2	2.8
flûte	NOM	B2	2.8
discothèque	NOM	B2	2.8
normand	ADJ	B2	2.8
intimement	ADV	B2	2.8
verbe	NOM	B2	2.8
déshonorer	VER	B2	2.8
gouffre	NOM	B2	2.8
dénuer	VER	B2	2.8
interrogatoire	NOM	B2	2.8
rempart	NOM	B2	2.8
fertile	ADJ	B2	2.8
avortement	NOM	B2	2.8
épouvanter	VER	B2	2.8
ficelle	NOM	B2	2.8
colloque	NOM	B2	2.8
biologie	NOM	B2	2.8
durablement	ADV	B2	2.8
respiratoire	ADJ	B2	2.8
respectable	ADJ	B2	2.8
malicieux	ADJ	B2	2.8
patrice	NOM	B2	2.7
sculpter	VER	B2	2.7
mauve	ADJ	B2	2.7
anesthésie	NOM	B2	2.7
glacé	ADJ	B2	2.7
lucide	ADJ	B2	2.7
injure	NOM	B2	2.7
visibilité	NOM	B2	2.7
décentraliser	VER	B2	2.7
collégien	NOM	B2	2.7
méthodique	ADJ	B2	2.7
lis	NOM	B2	2.7
esclavage	NOM	B2	2.7
dévouement	NOM	B2	2.7
tuberculose	NOM	B2	2.6
thématique	NOM	B2	2.6
fossile	ADJ	B2	2.6
ego	NOM	B2	2.6
nièce	NOM	B2	2.6
concourir	VER	B2	2.6
creuset	NOM	B2	2.6
inséparable	ADJ	B2	2.6
globalisation	NOM	B2	2.6
prolongement	NOM	B2	2.6
postier	NOM	B2	2.6
lanterne	NOM	B2	2.6
haie	NOM	B2	2.6
méthodologie	NOM	B2	2.6
show	NOM	B2	2.6
agacer	VER	B2	2.6
rallonger	VER	B2	2.6
épanouissement	NOM	B2	2.6
convier	VER	B2	2.6
entraide	NOM	B2	2.6
révélateur	ADJ	B2	2.6
assembler	VER	B2	2.6
égout	NOM	B2	2.6
épicier	NOM	B2	2.6
excepter	VER	B2	2.6
enrichissement	NOM	B2	2.6
nostalgique	ADJ	B2	2.6
allongement	NOM	B2	2.6
académie	NOM	B2	2.6
vertige	NOM	B2	2.6
futuriste	ADJ	B2	2.5
pourvu	ADJ	B2	2.5
idéaliser	VER	B2	2.5
fantasme	NOM	B2	2.5
balader	VER	B2	2.5
anthropologique	ADJ	B2	2.5
chef-lieu	NOM	B2	2.5
baleine	NOM	B2	2.5
muraille	NOM	B2	2.5
pourtour	NOM	B2	2.5
paisiblement	ADV	B2	2.5
cumuler	VER	B2	2.5
satirique	ADJ	B2	2.5
subtilité	NOM	B2	2.5
environnant	ADJ	B2	2.5
bruyère	NOM	B2	2.5
pseudonyme	NOM	B2	2.5
honnêteté	NOM	B2	2.5
légèreté	NOM	B2	2.5
surveillant	NOM	B2	2.5
vestimentaire	ADJ	B2	2.5
arc	NOM	B2	2.5
culotte	NOM	B2	2.5
coordinateur	NOM	B2	2.5
imprimerie	NOM	B2	2.5
gazon	NOM	B2	2.5
superposer	VER	B2	2.5
tyrannie	NOM	B2	2.5
détestable	ADJ	B2	2.5
embarras	NOM	B2	2.5
implacable	ADJ	B2	2.5
couver	VER	B2	2.5
spécifiquement	ADV	B2	2.5
survoler	VER	B2	2.5
gaieté	NOM	B2	2.5
intégré	ADJ	B2	2.5
notoriété	NOM	B2	2.5
exceller	VER	B2	2.5
percher	VER	B2	2.5
aigle	NOM	B2	2.5
positivement	ADV	B2	2.5
splendide	ADJ	B2	2.5
écologiste	ADJ	B2	2.5
agneau	NOM	B2	2.5
business	NOM	B2	2.5
parution	NOM	B2	2.5
pyrénéen	ADJ	B2	2.5
distraction	NOM	B2	2.5
timidement	ADV	B2	2.5
frénésie	NOM	B2	2.5
hospitaliser	VER	B2	2.5
renaître	VER	B2	2.5
friche	NOM	B2	2.5
biologiste	NOM	B2	2.5
péripétie	NOM	B2	2.5
chandelle	NOM	B2	2.5
proliférer	VER	B2	2.5
sophistiqué	ADJ	B2	2.4
succomber	VER	B2	2.4
atmosphérique	ADJ	B2	2.4
osciller	VER	B2	2.4
flamber	VER	B2	2.4
soufre	NOM	B2	2.4
commentateur	NOM	B2	2.4
formellement	ADV	B2	2.4
écolier	NOM	B2	2.4
pathologie	NOM	B2	2.4
boiser	VER	B2	2.4
contraster	VER	B2	2.4
égoïsme	NOM	B2	2.4
bilingue	ADJ	B2	2.4
sanguin	ADJ	B2	2.4
menotte	NOM	B2	2.4
raffiner	VER	B2	2.4
convive	NOM	B2	2.4
vaniteux	ADJ	B2	2.4
tapage	NOM	B2	2.4
méchanceté	NOM	B2	2.4
éblouissant	ADJ	B2	2.4
anonymat	NOM	B2	2.4
teinte	NOM	B2	2.4
quiche	NOM	B2	2.4
chouette	ADJ	B2	2.4
ongle	NOM	B2	2.4
chauve	ADJ	B2	2.4
extravagant	ADJ	B2	2.4
cool	ADJ	B2	2.4
finement	ADV	B2	2.4
intenter	VER	B2	2.4
abîmer	VER	B2	2.4
neuronal	ADJ	B2	2.4
sociologique	ADJ	B2	2.4
palmier	NOM	B2	2.4
vanillé	ADJ	B2	2.4
shopping	NOM	B2	2.4
humiliation	NOM	B2	2.4
saurer	VER	B2	2.4
pionnier	NOM	B2	2.4
promeneur	NOM	B2	2.4
torero	NOM	B2	2.4
baraque	NOM	B2	2.3
horriblement	ADV	B2	2.3
laisse	NOM	B2	2.3
réciter	VER	B2	2.3
préparatif	NOM	B2	2.3
densité	NOM	B2	2.3
cambriolage	NOM	B2	2.3
archéologie	NOM	B2	2.3
glorieux	ADJ	B2	2.3
locuteur	NOM	B2	2.3
tramway	NOM	B2	2.3
cohabiter	VER	B2	2.3
catalogue	NOM	B2	2.3
enseigne	NOM	B2	2.3
fanfare	NOM	B2	2.3
fringues	NOM	B2	2.3
océanique	ADJ	B2	2.3
conformiste	ADJ	B2	2.3
financièrement	ADV	B2	2.3
involontaire	ADJ	B2	2.3
styliste	NOM	B2	2.3
buisson	NOM	B2	2.3
bille	NOM	B2	2.3
blanchir	VER	B2	2.3
arrondir	VER	B2	2.3
gémissement	NOM	B2	2.3
escale	NOM	B2	2.3
obésité	NOM	B2	2.3
majestueux	ADJ	B2	2.2
confesser	VER	B2	2.2
campement	NOM	B2	2.2
métropolitain	ADJ	B2	2.2
arrogance	NOM	B2	2.2
avant-garde	NOM	B2	2.2
exonérer	VER	B2	2.2
muscle	NOM	B2	2.2
souiller	VER	B2	2.2
tempo	NOM	B2	2.2
matrimonial	ADJ	B2	2.2
congeler	VER	B2	2.2
scander	VER	B2	2.2
provençal	ADJ	B2	2.2
mannequin	NOM	B2	2.2
odorat	NOM	B2	2.2
vertical	ADJ	B2	2.2
accession	NOM	B2	2.2
embryon	NOM	B2	2.2
baroque	ADJ	B2	2.2
retardataire	NOM	B2	2.2
procession	NOM	B2	2.2
contamination	NOM	B2	2.2
clin	NOM	B2	2.2
germanique	ADJ	B2	2.2
médiatiser	VER	B2	2.2
chevaucher	VER	B2	2.2
obsolète	ADJ	B2	2.2
fragrance	NOM	B2	2.2
stratagème	NOM	B2	2.2
potager	NOM	B2	2.2
vaccination	NOM	B2	2.2
bien-aimé	NOM	B2	2.2
fissure	NOM	B2	2.2
déduction	NOM	B2	2.1
facette	NOM	B2	2.1
inadapté	ADJ	B2	2.1
graisse	NOM	B2	2.1
harmonieux	ADJ	B2	2.1
brève	NOM	B2	2.1
allégorie	NOM	B2	2.1
embraser	VER	B2	2.1
tabou	NOM	B2	2.1
comporte	NOM	B2	2.1
fatalité	NOM	B2	2.1
azote	NOM	B2	2.1
rasoir	NOM	B2	2.1
affectueux	ADJ	B2	2.1
cocarde	NOM	B2	2.1
prohiber	VER	B2	2.1
moule	NOM	B2	2.1
thermique	ADJ	B2	2.1
rocheux	ADJ	B2	2.1
vécu	NOM	B2	2.1
authenticité	NOM	B2	2.1
manquant	ADJ	B2	2.1
xénophobe	ADJ	B2	2.1
charrette	NOM	B2	2.1
chamois	NOM	B2	2.1
ténèbre	NOM	B2	2.0
repentir	VER	B2	2.0
noblesse	NOM	B2	2.0
superflu	ADJ	B2	2.0
assemblage	NOM	B2	2.0
bandeau	NOM	B2	2.0
réciprocité	NOM	B2	2.0
laguiole	NOM	B2	2.0
artificiellement	ADV	B2	2.0
engrais	NOM	B2	2.0
pieux	ADJ	B2	2.0
casquette	NOM	B2	2.0
idole	NOM	B2	2.0
entonner	VER	B2	2.0
avant-hier	ADV	B2	2.0
anomalie	NOM	B2	2.0
géométrie	NOM	B2	2.0
multimédia	ADJ	B2	2.0
contraste	NOM	B2	2.0
parvis	NOM	B2	2.0
recopier	VER	B2	2.0
toast	NOM	B2	2.0
irriter	VER	B2	2.0
autel	NOM	B2	2.0
colis	NOM	B2	2.0
vieillissant	ADJ	B2	2.0
cigale	NOM	B2	2.0
atome	NOM	B2	2.0
gastronomie	NOM	B2	2.0
mousse	NOM	B2	2.0
impuissance	NOM	B2	2.0
demi-tour	NOM	B2	2.0
bourreau	NOM	B2	2.0
maréchal	NOM	B2	2.0
fuseau	NOM	B2	2.0
individualiste	ADJ	B2	2.0
énigme	NOM	B2	2.0
rigolo	ADJ	B2	2.0
abondance	NOM	B2	2.0
cerise	NOM	B2	2.0
fraîchement	ADV	B2	2.0
corporation	NOM	B2	2.0
incomparable	ADJ	B2	2.0
savourer	VER	B2	2.0
vouvoyer	VER	B2	2.0
scientifiquement	ADV	B2	2.0
déconseiller	VER	B2	2.0
heu	NOM	B2	2.0
consulat	NOM	B2	2.0
dégoûter	VER	B2	1.9
filiation	NOM	B2	1.9
instantané	ADJ	B2	1.9
émouvant	ADJ	B2	1.9
scier	VER	B2	1.9
alterner	VER	B2	1.9
absoudre	VER	B2	1.9
homogène	ADJ	B2	1.9
cuillère	NOM	B2	1.9
désarroi	NOM	B2	1.9
embellir	VER	B2	1.9
prestige	NOM	B2	1.9
soustraction	NOM	B2	1.9
messagerie	NOM	B2	1.9
périlleux	ADJ	B2	1.9
obsessionnel	ADJ	B2	1.9
quinquagénaire	NOM	B2	1.9
académique	ADJ	B2	1.9
fragment	NOM	B2	1.9
vitro	NOM	B2	1.9
manager	NOM	B2	1.9
metteur	NOM	B2	1.9
escorter	VER	B2	1.9
aigu	ADJ	B2	1.9
contraignant	ADJ	B2	1.9
finesse	NOM	B2	1.9
capricieux	ADJ	B2	1.9
cosmopolite	ADJ	B2	1.9
prétendant	NOM	B2	1.9
osseux	ADJ	B2	1.8
inactif	ADJ	B2	1.8
villageois	NOM	B2	1.8
dénomination	NOM	B2	1.8
dénouer	VER	B2	1.8
ozone	NOM	B2	1.8
humaniste	ADJ	B2	1.8
sabbatique	ADJ	B2	1.8
belle-soeur	NOM	B2	1.8
ressemblance	NOM	B2	1.8
analytique	ADJ	B2	1.8
artère	NOM	B2	1.8
investigation	NOM	B2	1.8
socle	NOM	B2	1.8
pocket	NOM	B2	1.8
écoutant	NOM	B2	1.8
antichambre	NOM	B2	1.8
miauler	VER	B2	1.8
émeraude	NOM	B2	1.8
bastion	NOM	B2	1.8
chaussée	NOM	B2	1.8
estomac	NOM	B2	1.8
synchroniser	VER	B2	1.8
délice	NOM	B2	1.8
longer	VER	B2	1.8
nouveau-né	NOM	B2	1.8
clonage	NOM	B2	1.8
bondir	VER	B2	1.8
convivial	ADJ	B2	1.7
gibier	NOM	B2	1.7
mousquetaire	NOM	B2	1.7
pastille	NOM	B2	1.7
mutualiste	ADJ	B2	1.7
mandataire	NOM	B2	1.7
caviar	NOM	B2	1.7
jouteur	NOM	B2	1.7
mèche	NOM	B2	1.7
sédentarité	NOM	B2	1.7
linguiste	NOM	B2	1.7
confrérie	NOM	B2	1.7
caniveau	NOM	B2	1.7
sacrement	NOM	B2	1.7
cantatrice	NOM	B2	1.7
édit	NOM	B2	1.7
balai	NOM	B2	1.7
offenser	VER	B2	1.7
après-demain	ADV	B2	1.6
sociologie	NOM	B2	1.6
monture	NOM	B2	1.6
carrer	VER	B2	1.6
abattage	NOM	B2	1.6
mouvoir	VER	B2	1.6
cyclone	NOM	B2	1.6
intérimaire	ADJ	B2	1.6
dentaire	ADJ	B2	1.6
charnel	ADJ	B2	1.6
for	NOM	B2	1.6
lifting	NOM	B2	1.6
mâle	NOM	B2	1.6
ration	NOM	B2	1.6
empressement	NOM	B2	1.6
immatériel	ADJ	B2	1.6
localiser	VER	B2	1.6
partition	NOM	B2	1.6
endormissement	NOM	B2	1.6
radiation	NOM	B2	1.6
surcoût	NOM	B2	1.6
électron	NOM	B2	1.6
intolérance	NOM	B2	1.6
collision	NOM	B2	1.6
toux	NOM	B2	1.6
grange	NOM	B2	1.6
recyclage	NOM	B2	1.6
décortiquer	VER	B2	1.6
prompt	ADJ	B2	1.6
prospère	ADJ	B2	1.6
ivre	ADJ	B2	1.6
déconnecter	VER	B2	1.6
artériel	ADJ	B2	1.6
diabète	NOM	B2	1.6
astronome	NOM	B2	1.6
individuellement	ADV	B2	1.6
cortex	NOM	B2	1.6
incontestable	ADJ	B2	1.6
ras	ADJ	B2	1.6
réapprendre	VER	B2	1.6
galaxie	NOM	B2	1.6
assouplir	VER	B2	1.6
bulbe	NOM	B2	1.6
centenaire	ADJ	B2	1.6
psychique	ADJ	B2	1.6
oblique	ADJ	B2	1.6
étrenne	NOM	B2	1.6
électroménager	NOM	B2	1.6
courtiser	VER	B2	1.6
brasserie	NOM	B2	1.6
breuvage	NOM	B2	1.6
floraison	NOM	B2	1.6
apéro	NOM	B2	1.6
hexagone	NOM	B2	1.6
chuchoter	VER	B2	1.6
bienveillant	ADJ	B2	1.6
coca	NOM	B2	1.6
calorie	NOM	B2	1.6
formulation	NOM	B2	1.6
variante	NOM	B2	1.6
phobie	NOM	B2	1.6
réparateur	ADJ	B2	1.6
dévastateur	ADJ	B2	1.6
encyclopédie	NOM	B2	1.6
volupté	NOM	B2	1.6
colossal	ADJ	B2	1.6
loueur	NOM	B2	1.6
méfait	NOM	B2	1.6
refouler	VER	B2	1.6
tronc	NOM	B2	1.6
merveilleusement	ADV	B2	1.6
éloignement	NOM	B2	1.6
aubergiste	NOM	B2	1.6
avide	ADJ	B2	1.6
artisanal	ADJ	B2	1.6
tricolore	ADJ	B2	1.6
compatible	ADJ	B2	1.6
spécificité	NOM	B2	1.6
séparément	ADV	B2	1.6
éolien	ADJ	B2	1.6
indéfiniment	ADV	B2	1.6
verrouiller	VER	B2	1.6
unification	NOM	B2	1.6
prêt-à-porter	NOM	B2	1.6
hôtelier	NOM	B2	1.6
cybernétique	NOM	B2	1.6
réintroduire	VER	B2	1.6
alcoolisme	NOM	B2	1.6
nausée	NOM	B2	1.6
prudemment	ADV	B2	1.6
interprofessionnel	ADJ	B2	1.6
digestion	NOM	B2	1.6
immodéré	ADJ	B2	1.6
dépensier	ADJ	B2	1.6
sanglier	NOM	B2	1.6
usé	ADJ	B2	1.6
astucieux	ADJ	B2	1.6
emprise	NOM	B2	1.6
fidèlement	ADV	B2	1.6
sensuel	ADJ	B2	1.6
contingence	NOM	B2	1.6
focaliser	VER	B2	1.6
pluriel	ADJ	B2	1.6
phoque	NOM	B2	1.6
pressentiment	NOM	B2	1.6
ver	NOM	B2	1.6
pose	NOM	B2	1.5
poliment	ADV	B2	1.5
wagon	NOM	B2	1.5
reparaître	VER	B2	1.5
rein	NOM	B2	1.5
caprice	NOM	B2	1.5
rétorquer	VER	B2	1.5
recharger	VER	B2	1.5
gommer	VER	B2	1.5
mirage	NOM	B2	1.5
impulsif	ADJ	B2	1.5
monotone	ADJ	B2	1.5
ardeur	NOM	B2	1.5
bataillon	NOM	B2	1.5
deçà	ADV	B2	1.5
illégitime	ADJ	B2	1.5
émigration	NOM	B2	1.5
météorologique	ADJ	B2	1.5
confection	NOM	B2	1.5
folklore	NOM	B2	1.5
indemniser	VER	B2	1.5
légaliser	VER	B2	1.5
marginaliser	VER	B2	1.5
dam	NOM	B2	1.5
faiblir	VER	B2	1.5
ambigu	ADJ	B2	1.5
moucher	VER	B2	1.5
narrateur	NOM	B2	1.5
solidité	NOM	B2	1.5
usure	NOM	B2	1.5
étendard	NOM	B2	1.5
brebis	NOM	B2	1.5
hospitalité	NOM	B2	1.5
dessein	NOM	B2	1.5
proverbe	NOM	B2	1.5
au-devant	ADV	B2	1.5
brosser	VER	B2	1.5
poêle	NOM	B2	1.5
râler	VER	B2	1.5
polyvalent	ADJ	B2	1.5
déchirant	ADJ	B2	1.5
initiatique	ADJ	B2	1.5
rebondir	VER	B2	1.5
prédilection	NOM	B2	1.5
chaton	NOM	B2	1.5
melon	NOM	B2	1.5
apprivoiser	VER	B2	1.5
frappant	ADJ	B2	1.5
infiltration	NOM	B2	1.5
ouragan	NOM	B2	1.5
remerciement	NOM	B2	1.5
demi-douzaine	NOM	B2	1.5
monseigneur	NOM	B2	1.5
loft	NOM	B2	1.5
ligue	NOM	B2	1.5
innover	VER	B2	1.5
ouvre-boîte	NOM	B2	1.5
imprimeur	NOM	B2	1.5
maladroit	ADJ	B2	1.5
antan	NOM	B2	1.5
exorbitant	ADJ	B2	1.5
regardant	ADJ	B2	1.5
invariablement	ADV	B2	1.5
semence	NOM	B2	1.5
utopie	NOM	B2	1.5
solennellement	ADV	B2	1.5
attabler	VER	B2	1.5
métallurgie	NOM	B2	1.5
criminologue	NOM	B2	1.5
dissuader	VER	B2	1.5
porte-monnaie	NOM	B2	1.5
accroire	VER	B2	1.5
rangée	NOM	B2	1.5
assiéger	VER	B2	1.5
footing	NOM	B2	1.5
polar	ADJ	B2	1.5
effervescent	ADJ	B2	1.5
impérativement	ADV	B2	1.5
ravage	NOM	B2	1.5
syllabe	NOM	B2	1.5
briquet	NOM	B2	1.5
papillon	NOM	B2	1.5
glamour	NOM	B2	1.5
inhumain	ADJ	B2	1.5
coffre-fort	NOM	B2	1.5
quantifier	VER	B2	1.5
stéréotype	NOM	B2	1.5
caritatif	ADJ	B2	1.5
étant	NOM	B2	1.5
mondain	ADJ	B2	1.5
barbu	ADJ	B2	1.5
vacarme	NOM	B2	1.5
paver	VER	B2	1.5
propulser	VER	B2	1.5
capuchon	NOM	B2	1.5
catholicisme	NOM	B2	1.5
compère	NOM	B2	1.5
iris	NOM	B2	1.5
aristocratique	ADJ	B2	1.5
infantile	ADJ	B2	1.5
dé	NOM	B2	1.5
puriste	NOM	B2	1.5
poindre	VER	B2	1.5
archaïque	ADJ	B2	1.5
moustiquaire	NOM	B2	1.5
coauteur	NOM	B2	1.5
sublimer	VER	B2	1.5
abondamment	ADV	B2	1.5
exhiber	VER	B2	1.5
pratiquant	NOM	B2	1.5
frémir	VER	B2	1.5
parade	NOM	B2	1.5
bambin	NOM	B2	1.5
parachute	NOM	B2	1.5
rustique	ADJ	B2	1.5
ternir	VER	B2	1.5
galant	ADJ	B2	1.5
exhibition	NOM	B2	1.5
manchette	NOM	B2	1.5
roumain	ADJ	B2	1.5
égalitaire	ADJ	B2	1.5
valide	ADJ	B2	1.5
boudoir	NOM	B2	1.5
froidement	ADV	B2	1.5
clamer	VER	B2	1.5
excitation	NOM	B2	1.5
serein	ADJ	B2	1.5
hasardeux	ADJ	B2	1.5
mélancolie	NOM	B2	1.5
ampoule	NOM	B2	1.5
follement	ADV	B2	1.5
accourir	VER	B2	1.5
aisance	NOM	B2	1.5
trotter	VER	B2	1.5
aristocrate	NOM	B2	1.5
affreusement	ADV	B2	1.5
galère	NOM	B2	1.5
germer	VER	B2	1.5
fouille	NOM	B2	1.5
fresque	NOM	B2	1.5
émerveillement	NOM	B2	1.5
crudité	NOM	B2	1.5
vaguement	ADV	B2	1.5
saladier	NOM	B2	1.5
rivaliser	VER	B2	1.5
juriste	NOM	B2	1.5
nocif	ADJ	B2	1.5
retentir	VER	B2	1.5
habitué	ADJ	B2	1.5
brouhaha	NOM	B2	1.5
foulée	NOM	B2	1.5
caler	VER	B2	1.5
temporel	ADJ	B2	1.5
éparpiller	VER	B2	1.5
feuilleter	VER	B2	1.5
passerelle	NOM	B2	1.5
orme	NOM	B2	1.5
perdurer	VER	B2	1.5
incurable	ADJ	B2	1.5
avant-goût	NOM	B2	1.5
lézard	NOM	B2	1.5
aléatoire	ADJ	B2	1.5
participatif	ADJ	B2	1.5
terminus	NOM	B2	1.5
recycler	VER	B2	1.5
fiançailles	NOM	B2	1.5
convocation	NOM	B2	1.5
prédisposition	NOM	B2	1.5
sors	NOM	B2	1.5
bronzer	VER	B2	1.5
hautain	ADJ	B2	1.5
pavaner	VER	B2	1.5
lentille	NOM	B2	1.5
séduction	NOM	B2	1.5
distinctement	ADV	B2	1.5
envoyé	NOM	B2	1.5
inventif	ADJ	B2	1.5
socioculturel	ADJ	B2	1.5
novateur	NOM	B2	1.5
entrouvrir	VER	B2	1.5
tauromachie	NOM	B2	1.5
chaleureusement	ADV	B2	1.5
saleté	NOM	B2	1.5
billard	NOM	B2	1.5
emboîter	VER	B2	1.5
aune	NOM	B2	1.5
départemental	ADJ	B2	1.5
téléviseur	NOM	B2	1.5
bonus	NOM	B2	1.5
autruche	NOM	B2	1.5
injonction	NOM	B2	1.5
physiologique	ADJ	B2	1.5
filon	NOM	B2	1.5
inépuisable	ADJ	B2	1.5
récurrent	ADJ	B2	1.5
çà	ADV	B2	1.5
embarrasser	VER	B2	1.5
gadget	NOM	B2	1.5
enfanter	VER	B2	1.5
lucidité	NOM	B2	1.5
parachutisme	NOM	B2	1.5
canicule	NOM	B2	1.5
cascade	NOM	B2	1.5
passionnel	ADJ	B2	1.5
scruter	VER	B2	1.5
déjouer	VER	B2	1.5
kiosque	NOM	B2	1.5
vit	NOM	B2	1.5
déchiffrer	VER	B2	1.5
diluer	VER	B2	1.5
méthane	NOM	B2	1.5
expatriation	NOM	B2	1.5
insultant	ADJ	B2	1.5
maquiller	VER	B2	1.5
bilinguisme	NOM	B2	1.5
racket	NOM	B2	1.5
brosse	NOM	B2	1.5
savon	NOM	B2	1.5
clic	NOM	B2	1.5
coiffeur	NOM	B2	1.5
consécration	NOM	B2	1.5
interviewer	VER	B2	1.5
arrogant	ADJ	B2	1.5
nautique	ADJ	B2	1.5
pleure	NOM	B2	1.5
malais	ADJ	B2	1.5
simpliste	ADJ	B2	1.4
menuisier	NOM	B2	1.4
postérité	NOM	B2	1.4
changeant	ADJ	B2	1.4
défaillir	VER	B2	1.4
malice	NOM	B2	1.4
coloniser	VER	B2	1.4
essuie-glace	NOM	B2	1.4
aromatique	ADJ	B2	1.4
ascension	NOM	B2	1.4
impitoyable	ADJ	B2	1.4
contre-culture	NOM	B2	1.4
devis	NOM	B2	1.4
bordure	NOM	B2	1.4
major	NOM	B2	1.4
adonner	VER	B2	1.4
traîneau	NOM	B2	1.4
icône	NOM	B2	1.4
idem	ADV	B2	1.4
déguisement	NOM	B2	1.4
feindre	VER	B2	1.4
perfection	NOM	B2	1.4
enivrer	VER	B2	1.4
sensibiliser	VER	B2	1.4
cocotier	NOM	B2	1.4
repérage	NOM	B2	1.4
germe	NOM	B2	1.4
réutiliser	VER	B2	1.4
agile	ADJ	B2	1.4
gala	NOM	B2	1.4
crotte	NOM	B2	1.4
tsunami	NOM	B2	1.4
mutiler	VER	B2	1.4
sifflement	NOM	B2	1.4
natte	NOM	B2	1.4
individualisé	ADJ	B2	1.4
optimal	ADJ	B2	1.4
pronostic	NOM	B2	1.4
fusiller	VER	B2	1.4
guêpe	NOM	B2	1.4
désespérant	ADJ	B2	1.4
joaillier	NOM	B2	1.4
parasol	NOM	B2	1.4
diligence	NOM	B2	1.4
paternel	ADJ	B2	1.4
voyou	NOM	B2	1.4
classification	NOM	B2	1.4
hydroélectrique	ADJ	B2	1.4
paume	NOM	B2	1.4
acception	NOM	B2	1.4
invraisemblable	ADJ	B2	1.4
ambulant	ADJ	B2	1.4
jardinage	NOM	B2	1.4
endetter	VER	B2	1.4
exagéré	ADJ	B2	1.4
ducat	NOM	B2	1.4
heaume	NOM	B2	1.4
abasourdir	VER	B2	1.4
ardu	ADJ	B2	1.4
intuition	NOM	B2	1.4
désaltérer	VER	B2	1.4
pédale	NOM	B2	1.4
rareté	NOM	B2	1.4
cheville	NOM	B2	1.4
bricoler	VER	B2	1.4
ciment	NOM	B2	1.4
lavandière	NOM	B2	1.4
designer	NOM	B2	1.4
buveur	NOM	B2	1.4
applaudissement	NOM	B2	1.4
courtois	ADJ	B2	1.4
connotation	NOM	B2	1.4
rallye	NOM	B2	1.4
duel	NOM	B2	1.4
contrebandier	NOM	B2	1.4
aubaine	NOM	B2	1.4
juré	NOM	B2	1.4
enclave	NOM	B2	1.4
raisin	NOM	B2	1.4
fervent	ADJ	B2	1.4
effraie	NOM	B2	1.4
orphelin	ADJ	B2	1.4
dérogation	NOM	B2	1.4
snobisme	NOM	B2	1.4
participe	NOM	B2	1.4
vogue	NOM	B2	1.4
tabouret	NOM	B2	1.4
exceptionnellement	ADV	B2	1.4
môme	NOM	B2	1.4
nager	VER	B2	1.4
reptile	NOM	B2	1.4
chorale	NOM	B2	1.4
conditionné	ADJ	B2	1.4
mulet	NOM	B2	1.4
flatter	VER	B2	1.4
crue	NOM	B2	1.4
gourmet	NOM	B2	1.4
verrou	NOM	B2	1.4
attache	NOM	B2	1.4
capture	NOM	B2	1.4
rame	NOM	B2	1.4
fuser	VER	B2	1.4
porte-bonheur	NOM	B2	1.4
démonter	VER	B2	1.3
cuiller	NOM	B2	1.3
micro-ordinateur	NOM	B2	1.3
réfrigérateur	NOM	B2	1.3
génome	NOM	B2	1.3
caoutchouc	NOM	B2	1.3
cogner	VER	B2	1.3
faufiler	VER	B2	1.3
pétrir	VER	B2	1.3
acharnement	NOM	B2	1.3
couturière	NOM	B2	1.3
espéré	ADJ	B2	1.3
plongée	NOM	B2	1.3
poussin	NOM	B2	1.3
sympathiser	VER	B2	1.3
pagaille	NOM	B2	1.3
tuilerie	NOM	B2	1.3
promis	NOM	B2	1.3
scoop	NOM	B2	1.3
réservé	ADJ	B2	1.3
panoplie	NOM	B2	1.3
aura	NOM	B2	1.3
madeleine	NOM	B2	1.3
assouvir	VER	B2	1.3
usagé	ADJ	B2	1.3
consoler	VER	B2	1.3
patinage	NOM	B2	1.3
trompe	NOM	B2	1.3
contraction	NOM	B2	1.3
bouillabaisse	NOM	B2	1.3
superficie	NOM	B2	1.3
tertiaire	ADJ	B2	1.3
agro-alimentaire	ADJ	B2	1.3
gisement	NOM	B2	1.3
saveur	NOM	B2	1.3
emblématique	ADJ	B2	1.3
abattoir	NOM	B2	1.3
questionnaire	NOM	B2	1.3
dialecte	NOM	B2	1.3
allergique	ADJ	B2	1.3
gitan	NOM	B2	1.3
géologique	ADJ	B2	1.3
faussement	ADV	B2	1.3
fourrure	NOM	B2	1.3
vestibule	NOM	B2	1.3
grincement	NOM	B2	1.3
acclamer	VER	B2	1.3
machiniste	NOM	B2	1.3
rondelle	NOM	B2	1.3
truite	NOM	B2	1.3
marrer	VER	B2	1.3
prononciation	NOM	B2	1.3
anesthésique	NOM	B2	1.3
commémorer	VER	B2	1.3
sultan	NOM	B2	1.3
alpin	ADJ	B2	1.3
malhonnête	ADJ	B2	1.3
infidèle	ADJ	B2	1.3
fraternité	NOM	B2	1.3
recruteur	NOM	B2	1.3
piétiner	VER	B2	1.3
alibi	NOM	B2	1.3
féodal	ADJ	B2	1.3
téter	VER	B2	1.3
volumineux	ADJ	B2	1.3
gym	NOM	B2	1.3
associé	NOM	B2	1.3
détroit	NOM	B2	1.2
organigramme	NOM	B2	1.2
monté	ADJ	B2	1.2
pro	NOM	B2	1.2
store	NOM	B2	1.2
traîne	NOM	B2	1.2
antillais	ADJ	B2	1.2
salsa	NOM	B2	1.2
interagir	VER	B2	1.2
imperméable	NOM	B2	1.2
petit-déjeuner	NOM	B2	1.2
ado	NOM	B2	1.2
forgeron	NOM	B2	1.2
mythologie	NOM	B2	1.2
bol	NOM	B2	1.2
jongleur	NOM	B2	1.2
processeur	NOM	B2	1.2
clignotant	NOM	B2	1.2
irrigation	NOM	B2	1.2
hydratation	NOM	B2	1.2
mythique	ADJ	B2	1.2
impatienter	VER	B2	1.2
préparatoire	ADJ	B2	1.2
mangeur	NOM	B2	1.2
chaotique	ADJ	B2	1.2
décomposition	NOM	B2	1.2
florissant	ADJ	B2	1.2
posture	NOM	B2	1.2
rétif	ADJ	B2	1.2
rétribution	NOM	B2	1.2
singulièrement	ADV	B2	1.2
traumatisme	NOM	B2	1.2
émergent	ADJ	B2	1.2
poli	ADJ	B2	1.2
auditoire	NOM	B2	1.2
baril	NOM	B2	1.2
floral	ADJ	B2	1.2
fève	NOM	B2	1.2
inhiber	VER	B2	1.2
tonka	NOM	B2	1.2
trajectoire	NOM	B2	1.2
inhibition	NOM	B2	1.2
loterie	NOM	B2	1.2
altération	NOM	B2	1.2
flamand	ADJ	B2	1.2
accomplissement	NOM	B2	1.2
londonien	ADJ	B2	1.2
transiter	VER	B2	1.2
rabais	NOM	B2	1.2
preneur	NOM	B2	1.2
colza	NOM	B2	1.2
divertissant	ADJ	B2	1.2
dérisoire	ADJ	B2	1.2
intellectuellement	ADV	B2	1.2
étirer	VER	B2	1.2
dôme	NOM	B2	1.2
gentleman	NOM	B2	1.2
migrant	ADJ	B2	1.2
épuration	NOM	B2	1.2
captivité	NOM	B2	1.2
anthropologie	NOM	B2	1.2
lut	NOM	B2	1.2
dévaster	VER	B2	1.2
encombrement	NOM	B2	1.2
truffer	VER	B2	1.2
par-ci	ADV	B2	1.2
enviable	ADJ	B2	1.1
bateau-mouche	NOM	B2	1.1
brusque	ADJ	B2	1.1
brocante	NOM	B2	1.1
déjection	NOM	B2	1.1
maturité	NOM	B2	1.1
rôder	VER	B2	1.1
pianiste	NOM	B2	1.1
emblème	NOM	B2	1.1
froisser	VER	B2	1.1
cosigner	VER	B2	1.1
hispanique	ADJ	B2	1.1
inopérant	ADJ	B2	1.1
enrichissant	ADJ	B2	1.1
traquer	VER	B2	1.1
fidéliser	VER	B2	1.1
tangible	ADJ	B2	1.1
arthurien	ADJ	B2	1.1
conditionner	VER	B2	1.1
tonnerre	NOM	B2	1.1
calcaire	ADJ	B2	1.1
pesticide	NOM	B2	1.1
bonne	NOM	B2	1.1
catalan	ADJ	B2	1.1
fente	NOM	B2	1.1
déclassement	NOM	B2	1.1
particularisme	NOM	B2	1.1
positionner	VER	B2	1.1
prédiction	NOM	B2	1.1
garou	NOM	B2	1.1
massivement	ADV	B2	1.1
moutarde	NOM	B2	1.1
robinet	NOM	B2	1.1
penseur	NOM	B2	1.1
persan	NOM	B2	1.1
humidité	NOM	B2	1.1
culminer	VER	B2	1.1
lys	NOM	B2	1.1
noircir	VER	B2	1.1
tempe	NOM	B2	1.1
fast-food	NOM	B2	1.1
capitaliste	ADJ	B2	1.0
best-seller	NOM	B2	1.0
cognac	NOM	B2	1.0
remariage	NOM	B2	1.0
tire-bouchon	NOM	B2	1.0
chiper	VER	B2	1.0
flirter	VER	B2	1.0
astre	NOM	B2	1.0
généticien	NOM	B2	1.0
géométrique	ADJ	B2	1.0
intestin	NOM	B2	1.0
clip	NOM	B2	1.0
volcanique	ADJ	B2	1.0
pommier	NOM	B2	1.0
automatisme	NOM	B2	1.0
cathodique	ADJ	B2	1.0
consumériste	ADJ	B2	1.0
endurance	NOM	B2	1.0
fluctuation	NOM	B2	1.0
machisme	NOM	B2	1.0
subjectivité	NOM	B2	1.0
transmissible	ADJ	B2	1.0
épidémiologique	ADJ	B2	1.0
équatorial	ADJ	B2	1.0
offense	NOM	B2	1.0
fêtard	NOM	B2	1.0
gastronomique	ADJ	B2	1.0
baromètre	NOM	B2	1.0
stop	NOM	B2	1.0
flash-back	NOM	B2	1.0
fécondation	NOM	B2	1.0
enrouler	VER	B2	1.0
simulation	NOM	B2	1.0
gentiment	ADV	B2	1.0
planning	NOM	B2	1.0
simulacre	NOM	B2	1.0
éveil	NOM	B2	1.0
christianisme	NOM	B2	1.0
cligner	VER	B2	1.0
pinceau	NOM	B2	1.0
cavalerie	NOM	B2	1.0
pelouse	NOM	B2	1.0
snob	ADJ	B2	1.0
toutou	NOM	B2	1.0
romantisme	NOM	B2	1.0
clouer	VER	B2	1.0
trinquer	VER	B2	1.0
drogué	NOM	B2	1.0
oasis	NOM	B2	1.0
luminosité	NOM	B2	1.0
culpabiliser	VER	B2	1.0
veilleur	NOM	B2	1.0
lièvre	NOM	B2	1.0
alpiniste	NOM	B2	1.0
cramponner	VER	B2	1.0
éboueur	NOM	B2	1.0
débiteur	ADJ	B2	1.0
largeur	NOM	B2	1.0
complainte	NOM	B2	1.0
grotesque	ADJ	B2	1.0
caverne	NOM	B2	1.0
foulard	NOM	B2	1.0
betterave	NOM	B2	1.0
biotechnologie	NOM	B2	1.0
praticien	NOM	B2	1.0
val	NOM	B2	1.0
éphémère	ADJ	B2	1.0
christ	NOM	B2	1.0
portraire	VER	B2	1.0
mantille	NOM	B2	1.0
tourne	NOM	B2	1.0
athlétisme	NOM	B2	1.0
calembour	NOM	B2	1.0
démener	VER	B2	1.0
forteresse	NOM	B2	1.0
plasticité	NOM	B2	1.0
solvant	NOM	B2	1.0
stagiaire	NOM	B2	1.0
biscotte	NOM	B2	1.0
criard	ADJ	B2	1.0
forfaitaire	ADJ	B2	1.0
liseré	NOM	B2	1.0
promulguer	VER	B2	1.0
baby-sitter	NOM	B2	1.0
festivité	NOM	B2	1.0
oubliette	NOM	B2	1.0
écumer	VER	B2	1.0
césar	NOM	B2	1.0
aiguë	ADJ	B2	1.0
ellipse	NOM	B2	1.0
logis	NOM	B2	1.0
abonner	VER	B2	1.0
hémisphère	NOM	B2	1.0
pragmatique	ADJ	B2	1.0
do	NOM	B2	1.0
épopée	NOM	B2	1.0
macadam	NOM	B2	1.0
dicton	NOM	B2	1.0
narine	NOM	B2	1.0
rôtir	VER	B2	1.0
tsar	NOM	B2	1.0
catégorique	ADJ	B2	1.0
inutilité	NOM	B2	1.0
rayonner	VER	B2	1.0
éprendre	VER	B2	1.0
livide	ADJ	B2	1.0
girofle	NOM	B2	1.0
anatomique	ADJ	B2	1.0
forcé	ADJ	B2	1.0
live	ADJ	B2	1.0
patate	NOM	B2	1.0
pédaler	VER	B2	1.0
surnom	NOM	B2	1.0
moniteur	NOM	B2	1.0
steak	NOM	B2	1.0
tunique	NOM	B2	1.0
immortalité	NOM	B2	1.0
casse	NOM	B2	1.0
reproductif	ADJ	B2	1.0
fouetter	VER	B2	1.0
peigne	NOM	B2	1.0
guitariste	NOM	B2	1.0
peignoir	NOM	B2	1.0
rudement	ADV	B2	1.0
garagiste	NOM	B2	1.0
pourpoint	NOM	B2	1.0
infernal	ADJ	B2	1.0
ermitage	NOM	B2	1.0
hanche	NOM	B2	1.0
potier	NOM	B2	1.0
poignard	NOM	B2	1.0
frisé	ADJ	B2	1.0
gaspiller	VER	B2	1.0
effroi	NOM	B2	1.0
emballer	VER	B2	1.0
infiltrer	VER	B2	1.0
corridor	NOM	B2	1.0
lard	NOM	B2	0.9
allumage	NOM	B2	0.9
toc	ADJ	B2	0.9
rénover	VER	B2	0.9
ride	NOM	B2	0.9
compartiment	NOM	B2	0.9
étinceler	VER	B2	0.9
décontracté	ADJ	B2	0.9
métrage	NOM	B2	0.9
écolo	NOM	B2	0.9
cristal	NOM	B2	0.9
féminiser	VER	B2	0.9
casse-tête	NOM	B2	0.9
oïl	ADV	B2	0.9
automate	NOM	B2	0.9
calanque	NOM	B2	0.9
matinal	ADJ	B2	0.9
reconversion	NOM	B2	0.9
pâture	NOM	B2	0.9
confluent	NOM	B2	0.9
étai	NOM	B2	0.9
ivrogne	ADJ	B2	0.9
décollage	NOM	B2	0.9
coiffure	NOM	B2	0.9
enchère	NOM	B2	0.9
galette	NOM	B2	0.9
palace	NOM	B2	0.9
nantais	ADJ	B2	0.9
ultra	ADJ	B2	0.9
accaparer	VER	B2	0.9
fair-play	NOM	B2	0.9
main-d'oeuvre	NOM	B2	0.9
sonorité	NOM	B2	0.9
espionner	VER	B2	0.9
scrupule	NOM	B2	0.9
meunier	ADJ	B2	0.9
baliser	VER	B2	0.9
enfermement	NOM	B2	0.9
psychiatrique	ADJ	B2	0.9
devancer	VER	B2	0.9
ancre	NOM	B2	0.9
radar	NOM	B2	0.9
défectueux	ADJ	B2	0.9
tracé	NOM	B2	0.9
battement	NOM	B2	0.9
démarquer	VER	B2	0.9
prospection	NOM	B2	0.9
habité	ADJ	B2	0.9
jade	NOM	B2	0.9
ferret	NOM	B2	0.9
étoffe	NOM	B2	0.9
rauque	ADJ	B2	0.9
ciseau	NOM	B2	0.9
bourrer	VER	B2	0.9
calculateur	ADJ	B2	0.9
poinçon	NOM	B2	0.9
testostérone	NOM	B2	0.9
vanille	NOM	B2	0.9
abstraire	VER	B2	0.9
dissocier	VER	B2	0.9
hérésie	NOM	B2	0.9
relativité	NOM	B2	0.9
prohibitif	ADJ	B2	0.9
persil	NOM	B2	0.9
bourg	NOM	B2	0.9
antioxydant	ADJ	B2	0.9
cellulaire	ADJ	B2	0.9
infecter	VER	B2	0.9
négritude	NOM	B2	0.9
pandémie	NOM	B2	0.9
polymère	NOM	B2	0.9
stimulation	NOM	B2	0.9
prototype	NOM	B2	0.9
cyclisme	NOM	B2	0.9
navet	NOM	B2	0.9
équitation	NOM	B2	0.9
fâcheux	ADJ	B2	0.8
appropriation	NOM	B2	0.8
aéroportuaire	ADJ	B2	0.8
bonhomie	NOM	B2	0.8
garderie	NOM	B2	0.8
vecteur	NOM	B2	0.8
inventivité	NOM	B2	0.8
conduit	NOM	B2	0.8
contraception	NOM	B2	0.8
ordure	NOM	B2	0.8
pilotage	NOM	B2	0.8
pleurant	NOM	B2	0.8
berline	NOM	B2	0.8
cuisson	NOM	B2	0.8
tic	NOM	B2	0.8
écuyer	NOM	B2	0.8
tom	NOM	B2	0.8
sketch	NOM	B2	0.8
poignarder	VER	B2	0.8
éduquer	VER	B2	0.8
chalet	NOM	B2	0.8
agacement	NOM	B2	0.8
dogme	NOM	B2	0.8
trimer	VER	B2	0.8
landau	NOM	B2	0.8
languir	VER	B2	0.8
vociférer	VER	B2	0.8
accueillant	ADJ	B2	0.8
anticipation	NOM	B2	0.8
attirance	NOM	B2	0.8
bibliographique	ADJ	B2	0.8
cantonner	VER	B2	0.8
communicant	ADJ	B2	0.8
communément	ADV	B2	0.8
congénère	NOM	B2	0.8
contre-pouvoir	NOM	B2	0.8
cristalliser	VER	B2	0.8
critiquable	ADJ	B2	0.8
demeurant	NOM	B2	0.8
dioxyde	NOM	B2	0.8
drastique	ADJ	B2	0.8
désacralisation	NOM	B2	0.8
désagrégation	NOM	B2	0.8
ethnie	NOM	B2	0.8
fulgurant	ADJ	B2	0.8
géologue	NOM	B2	0.8
hypertension	NOM	B2	0.8
imagerie	NOM	B2	0.8
incohérence	NOM	B2	0.8
inconscience	NOM	B2	0.8
incorporation	NOM	B2	0.8
ingénierie	NOM	B2	0.8
inversement	ADV	B2	0.8
irraisonné	ADJ	B2	0.8
libéralisme	NOM	B2	0.8
méli-mélo	NOM	B2	0.8
nutritionnel	ADJ	B2	0.8
pervertir	VER	B2	0.8
politologue	NOM	B2	0.8
promotionnel	ADJ	B2	0.8
préface	NOM	B2	0.8
restrictif	ADJ	B2	0.8
rouage	NOM	B2	0.8
réanimation	NOM	B2	0.8
simplification	NOM	B2	0.8
stigmatisation	NOM	B2	0.8
sulfate	NOM	B2	0.8
tourteau	NOM	B2	0.8
tremplin	NOM	B2	0.8
tutelle	NOM	B2	0.8
validation	NOM	B2	0.8
vertueux	ADJ	B2	0.8
volontariste	ADJ	B2	0.8
émailler	VER	B2	0.8
émotionnel	ADJ	B2	0.8
épileptique	ADJ	B2	0.8
avancement	NOM	B2	0.8
pamphlet	NOM	B2	0.8
récréation	NOM	B2	0.8
éolienne	NOM	B2	0.8
perquisition	NOM	B2	0.8
saphir	NOM	B2	0.8
quille	NOM	B2	0.8
généraliste	ADJ	B2	0.8
duo	NOM	B2	0.8
rousse	NOM	B2	0.8
dissociation	NOM	B2	0.8
subvenir	VER	B2	0.7
périphérie	NOM	B2	0.7
artisanat	NOM	B2	0.7
collant	ADJ	B2	0.7
oie	NOM	B2	0.7
verglas	NOM	B2	0.7
bloc-notes	NOM	B2	0.7
absenter	VER	B2	0.7
adjurer	VER	B2	0.7
boom	NOM	B2	0.7
caniculaire	ADJ	B2	0.7
collatéral	ADJ	B2	0.7
consciemment	ADV	B2	0.7
constituant	ADJ	B2	0.7
décrier	VER	B2	0.7
exploitant	NOM	B2	0.7
fur	NOM	B2	0.7
fustiger	VER	B2	0.7
gothique	ADJ	B2	0.7
généralisation	NOM	B2	0.7
imposable	ADJ	B2	0.7
imprévu	ADJ	B2	0.7
intentionnellement	ADV	B2	0.7
irréductible	ADJ	B2	0.7
malsain	ADJ	B2	0.7
millésime	NOM	B2	0.7
ralenti	NOM	B2	0.7
échographie	NOM	B2	0.7
éloquent	ADJ	B2	0.7
étirement	NOM	B2	0.7
manufacture	NOM	B2	0.7
alarmiste	ADJ	B2	0.7
amérindien	ADJ	B2	0.7
carreler	VER	B2	0.7
clivage	NOM	B2	0.7
dynamiser	VER	B2	0.7
décibel	NOM	B2	0.7
démocratisation	NOM	B2	0.7
momentané	ADJ	B2	0.7
pathologique	ADJ	B2	0.7
pollueur	NOM	B2	0.7
périmètre	NOM	B2	0.7
scolariser	VER	B2	0.7
volubile	ADJ	B2	0.7
agronomique	ADJ	B2	0.7
ambrer	VER	B2	0.7
appauvrissement	NOM	B2	0.7
aspérité	NOM	B2	0.7
causalité	NOM	B2	0.7
chaînon	NOM	B2	0.7
chimiste	NOM	B2	0.7
destructeur	ADJ	B2	0.7
discriminatoire	ADJ	B2	0.7
dissuasif	ADJ	B2	0.7
défaillant	ADJ	B2	0.7
déviance	NOM	B2	0.7
enchaîné	ADJ	B2	0.7
flexibilité	NOM	B2	0.7
fossiliser	VER	B2	0.7
foetus	NOM	B2	0.7
gouttière	NOM	B2	0.7
générique	NOM	B2	0.7
initié	NOM	B2	0.7
irascible	ADJ	B2	0.7
kaléidoscope	NOM	B2	0.7
lavandé	ADJ	B2	0.7
moléculaire	ADJ	B2	0.7
momentanément	ADV	B2	0.7
outrance	NOM	B2	0.7
pourfendre	VER	B2	0.7
renouer	VER	B2	0.7
réclusion	NOM	B2	0.7
scinder	VER	B2	0.7
senteur	NOM	B2	0.7
sophistiquer	VER	B2	0.7
sécrétion	NOM	B2	0.7
tirailler	VER	B2	0.7
tordre	VER	B2	0.7
ténu	ADJ	B2	0.7
vertigineux	ADJ	B2	0.7
ylang-ylang	NOM	B2	0.7
écrivant	NOM	B2	0.7
acquéreur	NOM	B2	0.7
benne	NOM	B2	0.7
calvaire	NOM	B2	0.7
chavirer	VER	B2	0.7
corse	ADJ	B2	0.7
croquer	VER	B2	0.7
culturellement	ADV	B2	0.7
demi-frère	NOM	B2	0.7
décompresser	VER	B2	0.7
gracieux	ADJ	B2	0.7
idiome	NOM	B2	0.7
industriellement	ADV	B2	0.7
interférence	NOM	B2	0.7
lurette	NOM	B2	0.7
manutentionnaire	NOM	B2	0.7
martyriser	VER	B2	0.7
mnésique	ADJ	B2	0.7
proférer	VER	B2	0.7
raffinerie	NOM	B2	0.7
rebut	NOM	B2	0.7
rotation	NOM	B2	0.7
réorganisation	NOM	B2	0.7
rêne	NOM	B2	0.7
savane	NOM	B2	0.7
spécialisation	NOM	B2	0.7
tonalité	NOM	B2	0.7
zébrer	VER	B2	0.7
écarquiller	VER	B2	0.7
écossais	ADJ	B2	0.7
adage	NOM	B2	0.7
drastiquement	ADV	B2	0.7
euphémisme	NOM	B2	0.7
pourvoyeur	NOM	B2	0.7
préfigurer	VER	B2	0.7
quantitatif	ADJ	B2	0.7
reformuler	VER	B2	0.7
réinsertion	NOM	B2	0.7
réinventer	VER	B2	0.7
sexuellement	ADV	B2	0.7
teinter	VER	B2	0.7
éloquence	NOM	B2	0.7
pan	NOM	B2	0.7
biométrique	ADJ	B2	0.7
digital	ADJ	B2	0.7
hippocampe	NOM	B2	0.7
kit	NOM	B2	0.7
valentin	NOM	B2	0.7
académicien	NOM	B2	0.7
assentiment	NOM	B2	0.7
cadence	NOM	B2	0.7
cardio-vasculaire	ADJ	B2	0.7
flacon	NOM	B2	0.7
magnésium	NOM	B2	0.7
mouillé	ADJ	B2	0.7
mémoriser	VER	B2	0.7
prêtresse	NOM	B2	0.7
répétitif	ADJ	B2	0.7
seigneurie	NOM	B2	0.7
troc	NOM	B2	0.7
vidange	NOM	B2	0.7
anglicisme	NOM	B2	0.7
apogée	NOM	B2	0.7
croate	NOM	B2	0.7
fortiori	ADV	B2	0.7
humoristique	ADJ	B2	0.7
hypothalamus	NOM	B2	0.7
imputable	ADJ	B2	0.7
lancinant	ADJ	B2	0.7
loufoque	ADJ	B2	0.7
matrice	NOM	B2	0.7
multicolore	ADJ	B2	0.7
niaiserie	NOM	B2	0.7
viticulteur	NOM	B2	0.7
abréger	VER	B2	0.7
ci-dessus	ADV	B2	0.7
conteste	NOM	B2	0.7
débile	ADJ	B2	0.7
esquisser	VER	B2	0.7
extinction	NOM	B2	0.7
faisabilité	NOM	B2	0.7
fragilité	NOM	B2	0.7
mal-être	NOM	B2	0.7
montagnard	ADJ	B2	0.7
métissage	NOM	B2	0.7
nomadisme	NOM	B2	0.7
pivot	NOM	B2	0.7
préoccupant	ADJ	B2	0.7
pêle-mêle	ADV	B2	0.7
restitution	NOM	B2	0.7
socialisation	NOM	B2	0.7
argotique	ADJ	B2	0.7
affranchir	VER	B2	0.7
assavoir	VER	B2	0.7
encenser	VER	B2	0.7
expressif	ADJ	B2	0.7
instantanément	ADV	B2	0.7
judicieux	ADJ	B2	0.7
kinésithérapeute	NOM	B2	0.7
maçonnerie	NOM	B2	0.7
photographique	ADJ	B2	0.7
portail	NOM	B2	0.7
sauvagement	ADV	B2	0.7
virilité	NOM	B2	0.7
aiguiser	VER	B2	0.7
antipode	NOM	B2	0.7
astrologue	NOM	B2	0.7
clément	ADJ	B2	0.7
convergent	ADJ	B2	0.7
enchantement	NOM	B2	0.7
laïque	ADJ	B2	0.7
obligatoirement	ADV	B2	0.7
phrygien	ADJ	B2	0.7
vénérable	ADJ	B2	0.7
approvisionner	VER	B2	0.7
appréciable	ADJ	B2	0.7
baba	ADJ	B2	0.7
bureaucratique	ADJ	B2	0.7
cancéreux	ADJ	B2	0.7
cancérigène	ADJ	B2	0.7
charnier	NOM	B2	0.7
cigarillo	NOM	B2	0.7
coexistence	NOM	B2	0.7
conciliation	NOM	B2	0.7
ethnologue	NOM	B2	0.7
exutoire	NOM	B2	0.7
footballeur	NOM	B2	0.7
illicite	ADJ	B2	0.7
impunité	NOM	B2	0.7
indonésien	ADJ	B2	0.7
injurieux	ADJ	B2	0.7
insecticide	NOM	B2	0.7
investiture	NOM	B2	0.7
irrésistible	ADJ	B2	0.7
libératoire	ADJ	B2	0.7
léser	VER	B2	0.7
magnitude	NOM	B2	0.7
malmener	VER	B2	0.7
mammifère	NOM	B2	0.7
médiéviste	NOM	B2	0.7
prévisionnel	ADJ	B2	0.7
résorber	VER	B2	0.7
valorisant	ADJ	B2	0.7
épandre	VER	B2	0.7
aisément	ADV	B2	0.7
canular	NOM	B2	0.7
dérision	NOM	B2	0.7
empreindre	VER	B2	0.7
informel	ADJ	B2	0.7
inimaginable	ADJ	B2	0.7
juxtaposer	VER	B2	0.7
pluralité	NOM	B2	0.7
radin	NOM	B2	0.7
jetée	NOM	B2	0.7
exténuer	VER	B2	0.7
faïence	NOM	B2	0.7
gradin	NOM	B2	0.7
magnifiquement	ADV	B2	0.7
régulariser	VER	B2	0.7
antitabac	ADJ	B2	0.7
aubain	ADJ	B2	0.7
châtier	VER	B2	0.7
chérer	VER	B2	0.7
cuisse	NOM	B2	0.7
hardi	ADJ	B2	0.7
huitaine	NOM	B2	0.7
héroïque	ADJ	B2	0.7
impeccable	ADJ	B2	0.7
indiqué	ADJ	B2	0.7
médire	VER	B2	0.7
témérité	NOM	B2	0.7
affamer	VER	B2	0.7
bascule	NOM	B2	0.7
dictée	NOM	B2	0.7
disciple	NOM	B2	0.7
haillon	NOM	B2	0.7
jucher	VER	B2	0.7
pourpre	NOM	B2	0.7
poussiéreux	ADJ	B2	0.7
sacoche	NOM	B2	0.7
échoppe	NOM	B2	0.7
honnêtement	ADV	B2	0.7
dégainer	VER	B2	0.7
maladresse	NOM	B2	0.7
arsenal	NOM	B2	0.7
monoxyde	NOM	B2	0.7
pascal	ADJ	B2	0.7
pressoir	NOM	B2	0.7
pérenne	ADJ	B2	0.7
édification	NOM	B2	0.7
avant-bras	NOM	B2	0.7
banalisation	NOM	B2	0.7
brimade	NOM	B2	0.7
congélateur	NOM	B2	0.7
cube	NOM	B2	0.7
curseur	NOM	B2	0.7
dédaigner	VER	B2	0.7
dégradant	ADJ	B2	0.7
enraciner	VER	B2	0.7
expéditeur	NOM	B2	0.7
femelle	ADJ	B2	0.7
fruiter	VER	B2	0.7
gratin	NOM	B2	0.7
greffer	VER	B2	0.7
humiliant	ADJ	B2	0.7
hétérogène	ADJ	B2	0.7
indissoluble	ADJ	B2	0.7
matérialiser	VER	B2	0.7
physicien	NOM	B2	0.7
piocher	VER	B2	0.7
rapatrier	VER	B2	0.7
sacraliser	VER	B2	0.7
émotivité	NOM	B2	0.7
turque	ADJ	B2	0.7
distrayant	ADJ	B2	0.7
immuable	ADJ	B2	0.7
mitiger	VER	B2	0.7
philo	NOM	B2	0.7
caste	NOM	B2	0.7
considérant	NOM	B2	0.7
faucher	VER	B2	0.7
globaliser	VER	B2	0.7
interdisciplinaire	ADJ	B2	0.7
résidentiel	ADJ	B2	0.7
théoriser	VER	B2	0.7
connu	ADJ	B2	0.7
ferré	ADJ	B2	0.7
rouvre	NOM	B2	0.7
apocalyptique	ADJ	B2	0.7
baby	NOM	B2	0.7
bit	NOM	B2	0.7
canalisation	NOM	B2	0.7
côtier	ADJ	B2	0.7
géographiquement	ADV	B2	0.7
historiquement	ADV	B2	0.7
incalculable	ADJ	B2	0.7
jogging	NOM	B2	0.7
monstruosité	NOM	B2	0.7
revêtement	NOM	B2	0.7
romanesque	NOM	B2	0.7
sauvegarde	NOM	B2	0.7
sexualité	NOM	B2	0.7
sexy	ADJ	B2	0.7
tyran	NOM	B2	0.7
western	NOM	B2	0.7
éminemment	ADV	B2	0.7
demi-mot	NOM	B2	0.7
douteux	ADJ	B2	0.7
déverser	VER	B2	0.7
malignité	NOM	B2	0.7
ramassage	NOM	B2	0.7
révoltant	ADJ	B2	0.7
sud-africain	ADJ	B2	0.7
pancarte	NOM	B2	0.7
joliment	ADV	B2	0.7
chèrement	ADV	B2	0.7
didactique	ADJ	B2	0.7
délimiter	VER	B2	0.7
dénicher	VER	B2	0.7
franquette	ADV	B2	0.7
pavillonnaire	ADJ	B2	0.7
retouche	NOM	B2	0.7
pantoufle	NOM	B2	0.7
brigand	NOM	B2	0.7
casserole	NOM	B2	0.7
sierra	NOM	B2	0.7
angoissant	ADJ	B2	0.7
colporteur	NOM	B2	0.7
hypocrite	ADJ	B2	0.7
juridiquement	ADV	B2	0.7
locomotive	NOM	B2	0.7
monnayer	VER	B2	0.7
sensationnel	ADJ	B2	0.7
vieillot	ADJ	B2	0.7
insurrection	NOM	B2	0.7
disgrâce	NOM	B2	0.7
justicier	ADJ	B2	0.7
hagard	ADJ	B2	0.7
périodiquement	ADV	B2	0.7
hard	NOM	B2	0.7
idyllique	ADJ	B2	0.7
us	NOM	B2	0.7
vandalisme	NOM	B2	0.7
provocant	ADJ	B2	0.7
aléa	NOM	B2	0.7
arguer	VER	B2	0.7
dilater	VER	B2	0.7
désillusion	NOM	B2	0.7
inculquer	VER	B2	0.7
insistance	NOM	B2	0.7
inégalement	ADV	B2	0.7
irrationnel	ADJ	B2	0.7
sonnette	NOM	B2	0.7
surcharger	VER	B2	0.7
trois-quarts	NOM	B2	0.7
aristocratie	NOM	B2	0.7
atterrissage	NOM	B2	0.7
café-théâtre	NOM	B2	0.7
ci-joint	ADV	B2	0.7
empiéter	VER	B2	0.7
imprimé	ADJ	B2	0.7
parachuter	VER	B2	0.7
plébisciter	VER	B2	0.7
différenciation	NOM	B2	0.7
fastueux	ADJ	B2	0.7
indulgent	ADJ	B2	0.7
infaillible	ADJ	B2	0.7
moralisateur	ADJ	B2	0.7
orbital	ADJ	B2	0.7
pique	NOM	B2	0.7
unifier	VER	B2	0.7
verrière	NOM	B2	0.7
habillé	ADJ	B2	0.7
assèchement	NOM	B2	0.7
marais	NOM	B2	0.7
nébuleuse	NOM	B2	0.7
podium	NOM	B2	0.7
spéculer	VER	B2	0.7
dauphin	NOM	B2	0.7
affût	NOM	B2	0.7
blinder	VER	B2	0.7
dépliant	NOM	B2	0.7
épuisant	ADJ	B2	0.7
agrément	NOM	B2	0.7
attrait	NOM	B2	0.7
chargement	NOM	B2	0.7
effiler	VER	B2	0.7
stationnement	NOM	B2	0.7
écoper	VER	B2	0.7
au-dedans	ADV	B2	0.7
ferraille	NOM	B2	0.7
faubourg	NOM	B2	0.7
dada	NOM	B2	0.7
vinaigre	NOM	B2	0.7
barbecue	NOM	B2	0.7
boubou	NOM	B2	0.7
castagne	NOM	B2	0.7
diversification	NOM	B2	0.7
noix	NOM	B2	0.7
pois	NOM	B2	0.7
programmable	ADJ	B2	0.7
reconstitution	NOM	B2	0.7
emplir	VER	B2	0.7
rêvé	ADJ	B2	0.7
accélérateur	NOM	B2	0.7
anxieux	ADJ	B2	0.7
arborer	VER	B2	0.7
argumenter	VER	B2	0.7
cime	NOM	B2	0.7
compact	ADJ	B2	0.7
célébration	NOM	B2	0.7
fiabilité	NOM	B2	0.7
fougère	NOM	B2	0.7
gomme	NOM	B2	0.7
mâtiner	VER	B2	0.7
retravailler	VER	B2	0.7
ségrégation	NOM	B2	0.7
temporairement	ADV	B2	0.7
victorien	ADJ	B2	0.7
viril	ADJ	B2	0.7
éleveur	NOM	B2	0.7
étincelant	ADJ	B2	0.7
affluent	NOM	B2	0.7
monastique	ADJ	B2	0.7
ping-pong	NOM	B2	0.7
mélangé	ADJ	B2	0.7
contre-indication	NOM	B2	0.7
bienveillance	NOM	B2	0.7
méprisable	ADJ	B2	0.7
ruée	NOM	B2	0.7
vis	NOM	B2	0.7
adroitement	ADV	B2	0.7
conformisme	NOM	B2	0.7
identifiable	ADJ	B2	0.7
jardiner	VER	B2	0.7
procuration	NOM	B2	0.7
rêveur	ADJ	B2	0.7
engueuler	VER	B2	0.7
milady	NOM	B2	0.7
pointillé	NOM	B2	0.7
vacciner	VER	B2	0.7
altérité	NOM	B2	0.7
décaler	VER	B2	0.7
licencié	NOM	B2	0.7
pare-brise	NOM	B2	0.7
roc	NOM	B2	0.7
dégourdir	VER	B2	0.7
tombant	ADJ	B2	0.7
clochette	NOM	B2	0.7
délocaliser	VER	B2	0.7
enchanteur	NOM	B2	0.7
hypothéquer	VER	B2	0.7
factuel	ADJ	B2	0.7
parasite	NOM	B2	0.7
paupière	NOM	B2	0.7
professionnaliser	VER	B2	0.7
criminologie	NOM	B2	0.7
reparler	VER	B2	0.7
aride	ADJ	B2	0.7
rendormir	VER	B2	0.7
soda	NOM	B2	0.7
séant	NOM	B2	0.7
bricoleur	NOM	B2	0.7
croyable	ADJ	B2	0.7
lave-linge	NOM	B2	0.7
container	NOM	B2	0.7
dépeindre	VER	B2	0.7
horticulture	NOM	B2	0.7
latitude	NOM	B2	0.7
semis	NOM	B2	0.7
sillonner	VER	B2	0.7
télégraphe	NOM	B2	0.7
allègre	ADJ	B2	0.7
idéaliste	NOM	B2	0.7
bagnole	NOM	B2	0.7
dérobée	ADV	B2	0.7
suppléant	ADJ	B2	0.7
ciseler	VER	B2	0.7
hôtellerie	NOM	B2	0.7
broche	NOM	B2	0.7
indéfinissable	ADJ	B2	0.7
gracieusement	ADV	B2	0.7
éperon	NOM	B2	0.7
blaser	VER	B2	0.7
acclamation	NOM	B2	0.7
affolement	NOM	B2	0.7
assureur	NOM	B2	0.7
comprimé	NOM	B2	0.7
contre-courant	NOM	B2	0.7
dénouement	NOM	B2	0.7
enneiger	VER	B2	0.7
expérimenté	ADJ	B2	0.7
faction	NOM	B2	0.7
management	NOM	B2	0.7
technocrate	NOM	B2	0.7
astronomie	NOM	B2	0.7
adversité	NOM	B2	0.7
friser	VER	B2	0.7
impatiemment	ADV	B2	0.7
maudire	VER	B2	0.7
mésaventure	NOM	B2	0.7
annales	NOM	B2	0.7
protestantisme	NOM	B2	0.7
puritain	ADJ	B2	0.7
résignation	NOM	B2	0.7
affliger	VER	B2	0.7
inestimable	ADJ	B2	0.7
malvenu	ADJ	B2	0.7
supplanter	VER	B2	0.7
vanité	NOM	B2	0.7
agilité	NOM	B2	0.7
alphabétisation	NOM	B2	0.7
apanage	NOM	B2	0.7
atterrir	VER	B2	0.7
battant	ADJ	B2	0.7
boueux	ADJ	B2	0.7
commode	NOM	B2	0.7
crisser	VER	B2	0.7
dinosaure	NOM	B2	0.7
drainer	VER	B2	0.7
déboire	NOM	B2	0.7
dévaloriser	VER	B2	0.7
fortuné	ADJ	B2	0.7
géographe	NOM	B2	0.7
helvétique	ADJ	B2	0.7
hypocrisie	NOM	B2	0.7
inné	ADJ	B2	0.7
migratoire	ADJ	B2	0.7
mini	ADJ	B2	0.7
perspectif	ADJ	B2	0.7
raccorder	VER	B2	0.7
ranimer	VER	B2	0.7
reloger	VER	B2	0.7
sillon	NOM	B2	0.7
utilitaire	ADJ	B2	0.7
vacant	ADJ	B2	0.7
vedettariat	NOM	B2	0.7
éclectique	ADJ	B2	0.7
évacuation	NOM	B2	0.7
gouvernant	NOM	B2	0.7
amidon	NOM	B2	0.7
fainéant	NOM	B2	0.7
incinération	NOM	B2	0.7
ivresse	NOM	B2	0.7
onirique	ADJ	B2	0.7
raz	NOM	B2	0.7
rejaillir	VER	B2	0.7
électromécanique	ADJ	B2	0.7
prédominant	ADJ	B2	0.7
entasser	VER	B2	0.7
nuageux	ADJ	B2	0.7
écrasé	ADJ	B2	0.7
déporter	VER	B2	0.7
fendre	VER	B2	0.7
mi-voix	ADV	B2	0.7
nuque	NOM	B2	0.7
piller	VER	B2	0.7
pompeux	ADJ	B2	0.7
suave	ADJ	B2	0.7
bouffer	VER	B2	0.7
capituler	VER	B2	0.7
furie	NOM	B2	0.7
importuner	VER	B2	0.7
replanter	VER	B2	0.7
subjuguer	VER	B2	0.7
bravoure	NOM	B2	0.7
embuscade	NOM	B2	0.7
laser	NOM	B2	0.7
maniérer	VER	B2	0.7
rassasier	VER	B2	0.7
saillant	ADJ	B2	0.7
tressaillir	VER	B2	0.7
buanderie	NOM	B2	0.7
polaire	ADJ	B2	0.7
altérer	VER	B2	0.7
cinéphile	NOM	B2	0.7
bananier	NOM	B2	0.7
débrouillard	ADJ	B2	0.7
rapatriement	NOM	B2	0.7
whisky	NOM	B2	0.7
music-hall	NOM	B2	0.7
moderniste	ADJ	B2	0.7
feuilletoniste	NOM	B2	0.7
gifle	NOM	B2	0.7
remarquablement	ADV	B2	0.7
éperdument	ADV	B2	0.7
fantaisiste	ADJ	B2	0.7
greffier	NOM	B2	0.7
qui-vive	NOM	B2	0.7
stupeur	NOM	B2	0.7
bouffée	NOM	B2	0.7
climatologie	NOM	B2	0.7
communal	ADJ	B2	0.7
pléiade	NOM	B2	0.7
pochette	NOM	B2	0.7
porche	NOM	B2	0.7
véhémence	NOM	B2	0.7
prenant	ADJ	B2	0.7
débraillé	ADJ	B2	0.7
cervelle	NOM	B2	0.7
cynisme	NOM	B2	0.7
rengainer	VER	B2	0.7
tripe	NOM	B2	0.7
balbutie	NOM	B2	0.7
bouclé	ADJ	B2	0.7
dégoût	NOM	B2	0.7
paillette	NOM	B2	0.7
polo	NOM	B2	0.7
vaquer	VER	B2	0.7
éraillé	ADJ	B2	0.7
impressionnisme	NOM	B2	0.7
malfaiteur	NOM	B2	0.7
arbuste	NOM	B2	0.7
bonder	VER	B2	0.7
parader	VER	B2	0.7
brutalité	NOM	B2	0.7
cohue	NOM	B2	0.7
couchage	NOM	B2	0.7
soupir	NOM	B2	0.7
signé	ADJ	B2	0.7
torche	NOM	B2	0.7
amusement	NOM	B2	0.7
endurer	VER	B2	0.7
grêle	ADJ	B2	0.7
attendant	NOM	B2	0.7
impératrice	NOM	B2	0.7
aboiement	NOM	B2	0.7
nonchalance	NOM	B2	0.7
rafraîchissant	ADJ	B2	0.7
rime	NOM	B2	0.7
consciencieusement	ADV	B2	0.7
contravention	NOM	B2	0.7
logistique	NOM	B2	0.7
affectionner	VER	B2	0.7
légendaire	ADJ	B2	0.7
splendeur	NOM	B2	0.7
ensoleillé	ADJ	B2	0.7
chou	NOM	B2	0.7
andouillette	NOM	B2	0.7
bistro	NOM	B2	0.7
nounou	NOM	B2	0.7
parrainer	VER	B2	0.7
raccompagner	VER	B2	0.7
vernissage	NOM	B2	0.7
ingéniosité	NOM	B2	0.7
malchance	NOM	B2	0.7
mandrin	NOM	B2	0.7
radioactivité	NOM	B2	0.7
laideur	NOM	B2	0.7
moralement	ADV	B2	0.7
autoroutier	ADJ	B2	0.7
craquant	ADJ	B2	0.7
observatoire	NOM	B2	0.7
préservatif	NOM	B2	0.7
semelle	NOM	B2	0.7
démocratiquement	ADV	B2	0.7
inconditionnel	NOM	B2	0.7
irréaliste	ADJ	B2	0.7
manne	NOM	B2	0.7
méconnaissance	NOM	B2	0.7
omniprésent	ADJ	B2	0.7
pronom	NOM	B2	0.7
héréditaire	ADJ	B2	0.7
effroyable	ADJ	B2	0.7
favorablement	ADV	B2	0.7
fi	NOM	B2	0.7
hospitalisation	NOM	B2	0.7
juxtaposition	NOM	B2	0.7
récuser	VER	B2	0.7
sondeur	NOM	B2	0.7
enceindre	VER	B2	0.7
malencontreux	ADJ	B2	0.7
pendule	NOM	B2	0.7
ponctuer	VER	B2	0.7
pudique	ADJ	B2	0.7
bibelot	NOM	B2	0.7
dédicacer	VER	B2	0.7
expansif	ADJ	B2	0.7
squatter	VER	B2	0.7
ethnologie	NOM	B2	0.7
exit	NOM	B2	0.7
fadeur	NOM	B2	0.7
référentiel	ADJ	B2	0.7
évanoui	ADJ	B2	0.7
camerounais	ADJ	B2	0.7
délier	VER	B2	0.7
inexpérimenté	ADJ	B2	0.7
vénitien	ADJ	B2	0.7
approximativement	ADV	B2	0.7
attribut	NOM	B2	0.7
bouleversant	ADJ	B2	0.7
délirant	ADJ	B2	0.7
incommoder	VER	B2	0.7
militantisme	NOM	B2	0.7
nouvellement	ADV	B2	0.7
exaspérer	VER	B2	0.7
hormonal	ADJ	B2	0.7
manipulateur	ADJ	B2	0.7
mouvant	ADJ	B2	0.7
synagogue	NOM	B2	0.7
franco-allemand	ADJ	B2	0.7
roman-feuilleton	NOM	B2	0.7
aquarium	NOM	B2	0.7
asservir	VER	B2	0.7
fourrer	VER	B2	0.7
guéridon	NOM	B2	0.7
éberluer	VER	B2	0.7
résurrection	NOM	B2	0.7
cerf	NOM	B2	0.7
concertiste	NOM	B2	0.7
listing	NOM	B2	0.7
préhistoire	NOM	B2	0.7
rancoeur	NOM	B2	0.7
semi-liberté	NOM	B2	0.7
popularité	NOM	B2	0.7
chiner	VER	B2	0.7
fanatique	NOM	B2	0.7
bourgogne	NOM	B2	0.7
chiot	NOM	B2	0.7
cohorte	NOM	B2	0.7
microcosme	NOM	B2	0.7
rayure	NOM	B2	0.7
vampire	NOM	B2	0.7
emprisonnement	NOM	B2	0.7
incessant	ADJ	B2	0.7
riant	ADJ	B2	0.7
chapeauter	VER	B2	0.7
inconcevable	ADJ	B2	0.7
démasquer	VER	B2	0.7
hanté	ADJ	B2	0.7
tranché	ADJ	B2	0.7
chausson	NOM	B2	0.7
découvert	ADJ	B2	0.7
indicible	ADJ	B2	0.7
ironiquement	ADV	B2	0.7
ridiculiser	VER	B2	0.7
rougeâtre	ADJ	B2	0.7
tonitruer	VER	B2	0.7
ramper	VER	B2	0.6
ravissant	ADJ	B2	0.6
confidentialité	NOM	B2	0.6
enrhumer	VER	B2	0.6
pimenter	VER	B2	0.6
conscrit	NOM	B2	0.6
consolation	NOM	B2	0.6
frottement	NOM	B2	0.6
imbriquer	VER	B2	0.6
interpellation	NOM	B2	0.6
profiler	VER	B2	0.6
prothèse	NOM	B2	0.6
vibrer	VER	B2	0.6
enlèvement	NOM	B2	0.6
introuvable	ADJ	B2	0.6
petit-fils	NOM	B2	0.6
vendange	NOM	B2	0.6
clown	NOM	B2	0.6
charrier	VER	B2	0.6
crouler	VER	B2	0.6
fulgurance	NOM	B2	0.6
imposteur	NOM	B2	0.6
nantir	VER	B2	0.6
sucrerie	NOM	B2	0.6
suprématie	NOM	B2	0.6
bûche	NOM	B2	0.6
émotif	ADJ	B2	0.6
grosso	ADV	B2	0.6
immensément	ADV	B2	0.6
matériellement	ADV	B2	0.6
modo	ADV	B2	0.6
tiède	ADJ	B2	0.6
perplexe	ADJ	B2	0.6
pion	NOM	B2	0.6
doucher	VER	B2	0.6
haricot	NOM	B2	0.6
ambulancier	NOM	B2	0.6
lève	NOM	B2	0.6
parlé	ADJ	B2	0.6
châtiment	NOM	B2	0.6
disséminer	VER	B2	0.6
jésuite	NOM	B2	0.6
tolérant	ADJ	B2	0.6
lisse	ADJ	B2	0.6
accidenter	VER	B2	0.6
entreposer	VER	B2	0.6
sevrage	NOM	B2	0.6
discount	NOM	B2	0.6
escarpin	NOM	B2	0.6
maniaque	ADJ	B2	0.6
topaze	NOM	B2	0.6
bordelais	ADJ	B2	0.6
humanisme	NOM	B2	0.6
parleur	NOM	B2	0.6
restaurateur	NOM	B2	0.6
impressionniste	ADJ	B2	0.6
lord	NOM	B2	0.6
indescriptible	ADJ	B2	0.6
maudit	ADJ	B2	0.6
mystique	ADJ	B2	0.6
charcutier	NOM	B2	0.6
domino	NOM	B2	0.6
brouillon	ADJ	B2	0.6
aversion	NOM	B2	0.6
boîtier	NOM	B2	0.6
navigateur	NOM	B2	0.6
grosseur	NOM	B2	0.6
habilement	ADV	B2	0.6
chut	NOM	B2	0.6
insinuer	VER	B2	0.6
intonation	NOM	B2	0.6
apposer	VER	B2	0.6
brin	NOM	B2	0.6
contagion	NOM	B2	0.6
hamac	NOM	B2	0.6
impondérable	ADJ	B2	0.6
monopoliser	VER	B2	0.6
médiatisation	NOM	B2	0.6
oppression	NOM	B2	0.6
rectangulaire	ADJ	B2	0.6
rudimentaire	ADJ	B2	0.6
vestiaire	NOM	B2	0.6
étudié	ADJ	B2	0.6
curatif	ADJ	B2	0.6
épinard	NOM	B2	0.6
dandy	NOM	B2	0.6
teint	NOM	B2	0.6
veine	NOM	B2	0.6
artichaut	NOM	B2	0.6
partagé	ADJ	B2	0.6
réclamation	NOM	B2	0.6
griffe	NOM	B2	0.6
abonnement	NOM	B2	0.6
loyalement	ADV	B2	0.6
p'tit	ADJ	B2	0.6
tutorat	NOM	B2	0.6
cancan	NOM	B2	0.6
ex-voto	NOM	B2	0.6
outrage	NOM	B2	0.6
dentifrice	NOM	B2	0.6
beau-père	NOM	B2	0.6
randonneur	NOM	B2	0.6
fiacre	NOM	B2	0.6
écorcher	VER	B2	0.6
suer	VER	B2	0.6
sèchement	ADV	B2	0.6
marxiste	ADJ	B2	0.6
péniblement	ADV	B2	0.6
autocar	NOM	B2	0.6
dressage	NOM	B2	0.6
marelle	NOM	B2	0.6
audit	NOM	B2	0.6
comptage	NOM	B2	0.6
délivrance	NOM	B2	0.6
effervescence	NOM	B2	0.6
engloutir	VER	B2	0.6
expulsion	NOM	B2	0.6
hiérarchique	ADJ	B2	0.6
inadmissible	ADJ	B2	0.6
physiologie	NOM	B2	0.6
égrener	VER	B2	0.6
électrode	NOM	B2	0.6
alternance	NOM	B2	0.6
arrachement	NOM	B2	0.6
cadet	NOM	B2	0.6
dingue	ADJ	B2	0.6
igname	NOM	B2	0.6
infect	ADJ	B2	0.6
informatif	ADJ	B2	0.6
luné	ADJ	B2	0.6
maquis	NOM	B2	0.6
multidisciplinaire	ADJ	B2	0.6
naufragé	NOM	B2	0.6
parcelle	NOM	B2	0.6
philtre	NOM	B2	0.6
ponction	NOM	B2	0.6
turbulent	ADJ	B2	0.6
cueillette	NOM	B2	0.6
désorienter	VER	B2	0.6
hammam	NOM	B2	0.6
safari	NOM	B2	0.6
suppliant	ADJ	B2	0.6
cordial	ADJ	B2	0.6
funèbre	ADJ	B2	0.6
pommette	NOM	B2	0.6
prodigieux	ADJ	B2	0.6
surhumain	ADJ	B2	0.6
captif	ADJ	B2	0.6
incognito	ADV	B2	0.6
indigne	ADJ	B2	0.6
manie	NOM	B2	0.6
palpiter	VER	B2	0.6
aberration	NOM	B2	0.6
divulgation	NOM	B2	0.6
déposséder	VER	B2	0.6
malformation	NOM	B2	0.6
négociant	NOM	B2	0.6
scélérat	NOM	B2	0.6
tablier	NOM	B2	0.6
cylindre	NOM	B2	0.6
insouciance	NOM	B2	0.6
méprisant	ADJ	B2	0.6
corail	ADJ	B2	0.6
figurine	NOM	B2	0.6
boucherie	NOM	B2	0.6
hamster	NOM	B2	0.6
panoramique	ADJ	B2	0.6
pointure	NOM	B2	0.6
éploré	ADJ	B2	0.6
mosaïque	NOM	B2	0.6
pâtissier	NOM	B2	0.6
maçon	NOM	B2	0.6
bavardage	NOM	B2	0.6
gladiateur	NOM	B2	0.6
accommoder	VER	B2	0.6
anarchique	ADJ	B2	0.6
aspirant	ADJ	B2	0.6
consultant	NOM	B2	0.6
manifeste	NOM	B2	0.6
résigner	VER	B2	0.6
bijoutier	NOM	B2	0.6
cassure	NOM	B2	0.6
confident	NOM	B2	0.6
stylisme	NOM	B2	0.6
civisme	NOM	B2	0.6
démoraliser	VER	B2	0.6
hors-série	ADJ	B2	0.6
isba	NOM	B2	0.6
réadaptation	NOM	B2	0.6
conteur	NOM	B2	0.6
athlétique	ADJ	B2	0.6
courgette	NOM	B2	0.6
hebdo	NOM	B2	0.6
pelle	NOM	B2	0.6
explorateur	NOM	B2	0.6
dan	NOM	B2	0.6
dégustation	NOM	B2	0.6
carcasse	NOM	B2	0.6
périphérique	NOM	B2	0.6
objecter	VER	B2	0.6
clergé	NOM	B2	0.6
rivage	NOM	B2	0.6
ambulance	NOM	B2	0.6
choucroute	NOM	B2	0.6
vautour	NOM	B2	0.6
préfectoral	ADJ	B2	0.6
étrangeté	NOM	B2	0.6
amertume	NOM	B2	0.6
inaltéré	ADJ	B2	0.6
inca	NOM	B2	0.6
recherché	ADJ	B2	0.6
expo	NOM	B2	0.6
marraine	NOM	B2	0.6
criant	ADJ	B2	0.6
machin	NOM	B2	0.6
prestataire	NOM	B2	0.6
robuste	ADJ	B2	0.6
butter	VER	B2	0.6
conflictuel	ADJ	B2	0.6
délaisser	VER	B2	0.6
délicatesse	NOM	B2	0.6
effluve	NOM	B2	0.6
flânerie	NOM	B2	0.6
fronde	NOM	B2	0.6
prématurément	ADV	B2	0.6
pudeur	NOM	B2	0.6
roulotte	NOM	B2	0.6
stimulant	ADJ	B2	0.6
styliser	VER	B2	0.6
sève	NOM	B2	0.6
tortueux	ADJ	B2	0.6
totaliser	VER	B2	0.6
adoubement	NOM	B2	0.6
pont-levis	NOM	B2	0.6
imprudent	ADJ	B2	0.6
cartable	NOM	B2	0.6
choléra	NOM	B2	0.6
horrifier	VER	B2	0.6
illustre	ADJ	B2	0.6
impur	ADJ	B2	0.6
obélisque	NOM	B2	0.6
réaménager	VER	B2	0.6
belote	NOM	B2	0.6
bracelet	NOM	B2	0.6
sachet	NOM	B2	0.6
confortablement	ADV	B2	0.6
cuivre	NOM	B2	0.6
distraitement	ADV	B2	0.6
dépiter	VER	B2	0.6
palpable	ADJ	B2	0.6
satin	NOM	B2	0.6
saugrenu	ADJ	B2	0.6
supposition	NOM	B2	0.6
vaciller	VER	B2	0.6
sieste	NOM	B2	0.6
désorganiser	VER	B2	0.6
écorce	NOM	B2	0.6
coucou	NOM	B2	0.6
julien	ADJ	B2	0.6
climatologue	NOM	B2	0.6
haleine	NOM	B2	0.6
anglophone	ADJ	B2	0.6
banderole	NOM	B2	0.6
béquille	NOM	B2	0.6
diktat	NOM	B2	0.6
dupe	ADJ	B2	0.6
favorite	ADJ	B2	0.6
intensification	NOM	B2	0.6
narcissique	ADJ	B2	0.6
psychologiquement	ADV	B2	0.6
salutaire	ADJ	B2	0.6
synapse	NOM	B2	0.6
virage	NOM	B2	0.6
coron	NOM	B2	0.6
implorer	VER	B2	0.6
sacrer	VER	B2	0.6
ivoirien	NOM	B2	0.6
bouquin	NOM	B2	0.6
as	NOM	B2	0.6
catégoriquement	ADV	B2	0.6
accidentel	ADJ	B2	0.6
graviter	VER	B2	0.6
marmonner	VER	B2	0.6
laissez-passer	NOM	B2	0.6
grignoter	VER	B2	0.6
musculation	NOM	B2	0.6
mi-chemin	ADV	B2	0.6
emménager	VER	B2	0.6
sensoriel	ADJ	B2	0.6
éducateur	NOM	B2	0.6
grinçant	ADJ	B2	0.6
salière	NOM	B2	0.6
carcéral	ADJ	B2	0.6
chirurgical	ADJ	B2	0.6
fluide	ADJ	B2	0.6
fragiliser	VER	B2	0.6
citron	NOM	B2	0.6
bouquiner	VER	B2	0.6
gilet	NOM	B2	0.6
déconcerter	VER	B2	0.6
scarabée	NOM	B2	0.6
embellissement	NOM	B2	0.6
exclamation	NOM	B2	0.6
minerai	NOM	B2	0.6
obstruer	VER	B2	0.6
ramoneur	NOM	B2	0.6
sous-louer	VER	B2	0.6
max	NOM	B2	0.6
cartésien	ADJ	B2	0.6
crevette	NOM	B2	0.6
surnaturel	ADJ	B2	0.6
seller	VER	B2	0.6
fourni	ADJ	B2	0.6
roulette	NOM	B2	0.6
tactile	ADJ	B2	0.6
corbeille	NOM	B2	0.6
immensité	NOM	B2	0.6
orée	NOM	B2	0.6
éligible	ADJ	B2	0.6
dalle	NOM	B2	0.6
microscope	NOM	B2	0.6
reconnaissable	ADJ	B2	0.6
coquillage	NOM	B2	0.6
mage	ADJ	B2	0.6
lamentation	NOM	B2	0.6
fourneau	NOM	B2	0.6
familiariser	VER	B2	0.6
posé	ADJ	B2	0.6
ventilation	NOM	B2	0.6
vétérinaire	NOM	B2	0.6
fauve	NOM	B2	0.6
lavage	NOM	B2	0.6
loyauté	NOM	B2	0.5
nourrice	NOM	B2	0.5
ému	ADJ	B2	0.5
fourreau	NOM	B2	0.5
crapaud	NOM	B2	0.5
mémorable	ADJ	B2	0.5
soudainement	ADV	B2	0.5
intransigeant	ADJ	B2	0.5
psy	NOM	B2	0.5
télécopie	NOM	B2	0.5
braver	VER	B2	0.5
magnétoscope	NOM	B2	0.5
marquant	ADJ	B2	0.5
entorse	NOM	B2	0.5
annuaire	NOM	B2	0.5
végétation	NOM	B2	0.5
harmonieusement	ADV	B2	0.5
savoyard	ADJ	B2	0.5
labo	NOM	B2	0.5
omelette	NOM	B2	0.5
prodige	NOM	B2	0.5
véranda	NOM	B2	0.5
pyjama	NOM	B2	0.5
chuchotement	NOM	B2	0.5
harmonica	NOM	B2	0.5
exagérément	ADV	B2	0.5
rabattre	VER	B2	0.5
rigoureusement	ADV	B2	0.5
parterre	NOM	B2	0.5
écaille	NOM	B2	0.5
étourdir	VER	B2	0.5
circonscrire	VER	B2	0.5
nickel	NOM	B2	0.5
parton	NOM	B2	0.5
allongé	ADJ	B2	0.5
lié	ADJ	B2	0.5
prolongé	ADJ	B2	0.5
marécageux	ADJ	B2	0.5
têtu	ADJ	B2	0.5
guyanais	ADJ	B2	0.5
argenterie	NOM	B2	0.5
bouge	NOM	B2	0.5
glissant	ADJ	B2	0.5
frêle	ADJ	B2	0.5
math	NOM	B2	0.5
délicatement	ADV	B2	0.5
déshonneur	NOM	B2	0.5
cursus	NOM	B2	0.5
illimiter	VER	B2	0.5
intoxiquer	VER	B2	0.5
spot	NOM	B2	0.5
bec	NOM	B2	0.5
border	VER	B2	0.5
lapis-lazuli	NOM	B2	0.5
transcrire	VER	B2	0.5
embrassade	NOM	B2	0.5
wolof	NOM	B2	0.5
piastre	NOM	B2	0.5
boite	NOM	B2	0.5
décollé	ADJ	B2	0.5
communier	VER	B2	0.5
immergé	ADJ	B2	0.5
olivier	NOM	B2	0.5
cicatriser	VER	B2	0.5
fascine	NOM	B2	0.5
divergent	ADJ	B2	0.5
encastrer	VER	B2	0.5
euphorie	NOM	B2	0.5
irrémédiablement	ADV	B2	0.5
mâchoire	NOM	B2	0.5
proscrire	VER	B2	0.5
rampe	NOM	B2	0.5
traction	NOM	B2	0.5
plâtre	NOM	B2	0.5
ronronner	VER	B2	0.5
diffus	ADJ	B2	0.5
brillamment	ADV	B2	0.5
coopérative	NOM	B2	0.5
perspicacité	NOM	B2	0.5
recoin	NOM	B2	0.5
pèlerinage	NOM	B2	0.5
donjon	NOM	B2	0.5
baladeur	NOM	B2	0.5
projecteur	NOM	B2	0.5
décidé	ADJ	B2	0.5
contrée	NOM	B2	0.5
clavier	NOM	B2	0.5
casino	NOM	B2	0.5
chiffon	NOM	B2	0.5
diagonale	NOM	B2	0.5
frugal	ADJ	B2	0.5
humus	NOM	B2	0.5
pianoter	VER	B2	0.5
possesseur	NOM	B2	0.5
assécher	VER	B2	0.5
rafale	NOM	B2	0.5
sieur	NOM	B2	0.5
marcheur	NOM	B2	0.5
tissage	NOM	B2	0.5
déplier	VER	B2	0.5
humilier	VER	B2	0.5
ruser	VER	B2	0.5
bâillement	NOM	B2	0.5
vitrail	NOM	B2	0.5
sentinelle	NOM	B2	0.5
divinité	NOM	B2	0.5
aventureux	ADJ	B2	0.5
joyau	NOM	B2	0.4
péninsule	NOM	B2	0.4
marmotte	NOM	B2	0.4
ail	NOM	B2	0.4
électricien	NOM	B2	0.4
samba	NOM	B2	0.4
rider	VER	B2	0.4
intermittent	ADJ	B2	0.4
mendiant	NOM	B2	0.4
retrouve	NOM	B2	0.4
